Id;Área de la disciplina académica;Años de experiencia docente;Edad;Sexo;Género;Tipo de institución;Conocimiento general sobre inteligencia artificial.Entiendo los principios básicos de la IA;Conocimiento general sobre inteligencia artificial.Estoy familiarizado/a con las aplicaciones actuales de la IA en mi campo de estudio;Conocimiento general sobre inteligencia artificial.Conozco los avances recientes en el desarrollo de la tecnología de IA;Conocimiento general sobre inteligencia artificial.Puedo explicar cómo la IA puede influir en mi disciplina académica;Percepciones éticas sobre la inteligencia artificial.Considero que la IA plantea desafíos éticos significativos;Percepciones éticas sobre la inteligencia artificial.Estoy preocupado/a por los problemas de privacidad de datos relacionados con la IA;Percepciones éticas sobre la inteligencia artificial.Creo que los sesgos en los algoritmos de la IA pueden conducir a decisiones injustas;Percepciones éticas sobre la inteligencia artificial.La autonomía de las decisiones tomadas por sistemas de IA es una preocupación ética importante;Percepciones éticas sobre la inteligencia artificial.Es esencial considerar las implicaciones éticas en el desarrollo y uso de la IA;Aplicación de la inteligencia artificial en la educación.La IA puede mejorar significativamente la calidad de la enseñanza y el aprendizaje;Aplicación de la inteligencia artificial en la educación.Estoy a favor de integrar herramientas de IA en mi práctica docente;Aplicación de la inteligencia artificial en la educación.La IA podría ayudar en la personalización del aprendizaje para los estudiantes;Aplicación de la inteligencia artificial en la educación.Tengo reservas sobre la dependencia de la IA en la evaluación académica;Necesidad de formación en inteligencia artificial y bioética.Me beneficiaría de una formación adicional sobre IA y sus aplicaciones;Necesidad de formación en inteligencia artificial y bioética.Hay una necesidad de incluir más contenido sobre bioética de la IA en los programas académicos;Necesidad de formación en inteligencia artificial y bioética.Siento la necesidad de entender mejor los aspectos éticos de la IA;Integración de la bioética en el currículo.Es importante incluir temas de IA y bioética en el currículo universitario;Integración de la bioética en el currículo.Los estudiantes deberían estar más expuestos a las cuestiones éticas de la IA;Integración de la bioética en el currículo.La formación en bioética de la IA es crucial para futuros profesionales;Experiencia y percepción personal.He utilizado IA en mi investigación o enseñanza;Experiencia y percepción personal.La IA cambiará significativamente la forma en la que enseñemos en los próximos años;Experiencia y percepción personal.Estoy emocionado/a por las posibilidades que la IA ofrece para mi campo de estudio;Experiencia y percepción personal.Tengo preocupaciones personales sobre el impacto de la IA en el empleo y la sociedad;Percepciones futuras y tendencias.La IA jugará un papel clave en el avance de mi disciplina en el futuro;Percepciones futuras y tendencias.Es importante estar al tanto de las tendencias emergentes en IA para mi desarrollo profesional
ID-001;Ciencias médicas y de la salud;30;64;Femenino;Mujer;Privada;De acuerdo;De acuerdo;De acuerdo;En desacuerdo;Totalmente de acuerdo;Totalmente de acuerdo;Neutral;De acuerdo;Totalmente de acuerdo;Totalmente de acuerdo;Totalmente de acuerdo;De acuerdo;Neutral;Totalmente de acuerdo;Totalmente de acuerdo;De acuerdo;Totalmente de acuerdo;Totalmente de acuerdo;Totalmente de acuerdo;Neutral;De acuerdo;De acuerdo;Totalmente de acuerdo;Totalmente de acuerdo;Totalmente de acuerdo
ID-002;Ciencias médicas y de la salud;11;40;Femenino;Mujer;Pública;En desacuerdo;Neutral;Neutral;Neutral;De acuerdo;De acuerdo;De acuerdo;De acuerdo;Totalmente de acuerdo;De acuerdo;Neutral;Neutral;Neutral;De acuerdo;De acuerdo;Totalmente de acuerdo;Neutral;De acuerdo;De acuerdo;Totalmente en desacuerdo;De acuerdo;De acuerdo;De acuerdo;De acuerdo;De acuerdo
ID-003;Ciencias médicas y de la salud;10;33;Femenino;Mujer;Privada;De acuerdo;De acuerdo;Neutral;De acuerdo;De acuerdo;De acuerdo;De acuerdo;De acuerdo;Totalmente de acuerdo;De acuerdo;De acuerdo;De acuerdo;En desacuerdo;Totalmente de acuerdo;De acuerdo;De acuerdo;De acuerdo;Totalmente de acuerdo;De acuerdo;Totalmente de acuerdo;De acuerdo;Neutral;Totalmente de acuerdo;De acuerdo;De acuerdo
ID-004;Ciencias médicas y de la salud;8;33;Femenino;Mujer;Privada;De acuerdo;De acuerdo;De acuerdo;De acuerdo;Neutral;Neutral;Neutral;Neutral;Neutral;En desacuerdo;Neutral;Neutral;Neutral;Neutral;Neutral;De acuerdo;Neutral;De acuerdo;De acuerdo;En desacuerdo;De acuerdo;De acuerdo;Neutral;De acuerdo;De acuerdo
ID-005;Ciencias médicas y de la salud;26;50;Femenino;Mujer;Privada;Totalmente de acuerdo;De acuerdo;De acuerdo;De acuerdo;De acuerdo;De acuerdo;De acuerdo;En desacuerdo;Totalmente de acuerdo;Totalmente de acuerdo;De acuerdo;Neutral;En desacuerdo;Totalmente de acuerdo;Totalmente de acuerdo;Totalmente de acuerdo;Totalmente de acuerdo;Totalmente de acuerdo;Totalmente de acuerdo;Totalmente de acuerdo;Totalmente de acuerdo;Totalmente de acuerdo;Totalmente de acuerdo;Totalmente de acuerdo;Totalmente de acuerdo
ID-006;Ciencias médicas y de la salud;7;36;Femenino;Mujer;Privada;Totalmente de acuerdo;Totalmente de acuerdo;Totalmente de acuerdo;Totalmente de acuerdo;De acuerdo;De acuerdo;De acuerdo;De acuerdo;De acuerdo;Totalmente de acuerdo;Totalmente de acuerdo;Totalmente de acuerdo;De acuerdo;Totalmente de acuerdo;Totalmente de acuerdo;Totalmente de acuerdo;Totalmente de acuerdo;Totalmente de acuerdo;Totalmente de acuerdo;Totalmente de acuerdo;Totalmente de acuerdo;Totalmente de acuerdo;De acuerdo;Totalmente en desacuerdo;Totalmente en desacuerdo
ID-007;Ciencias médicas y de la salud;25;52;Femenino;Mujer;Privada;De acuerdo;Neutral;De acuerdo;Neutral;Neutral;De acuerdo;De acuerdo;De acuerdo;De acuerdo;En desacuerdo;Neutral;Neutral;Neutral;De acuerdo;Neutral;Totalmente de acuerdo;Neutral;De acuerdo;Neutral;Totalmente en desacuerdo;Neutral;Neutral;De acuerdo;En desacuerdo;De acuerdo
ID-008;Ciencias médicas y de la salud;2;32;Femenino;Mujer;Privada;De acuerdo;De acuerdo;De acuerdo;Neutral;Neutral;De acuerdo;Neutral;De acuerdo;De acuerdo;Totalmente de acuerdo;Totalmente de acuerdo;Totalmente de acuerdo;Neutral;Totalmente de acuerdo;Totalmente de acuerdo;Totalmente de acuerdo;Totalmente de acuerdo;Totalmente de acuerdo;Totalmente de acuerdo;Totalmente de acuerdo;Totalmente de acuerdo;Totalmente de acuerdo;Totalmente de acuerdo;Totalmente de acuerdo;Totalmente de acuerdo
ID-009;Ciencias médicas y de la salud;23;48;Femenino;Mujer;Privada;De acuerdo;De acuerdo;De acuerdo;Totalmente de acuerdo;Neutral;De acuerdo;De acuerdo;De acuerdo;De acuerdo;De acuerdo;De acuerdo;Neutral;Totalmente en desacuerdo;De acuerdo;De acuerdo;De acuerdo;Totalmente de acuerdo;Totalmente de acuerdo;Totalmente de acuerdo;De acuerdo;De acuerdo;De acuerdo;Neutral;De acuerdo;De acuerdo
ID-010;Ciencias médicas y de la salud;23;65;Femenino;Mujer;Privada;De acuerdo;De acuerdo;De acuerdo;De acuerdo;De acuerdo;De acuerdo;Neutral;De acuerdo;De acuerdo;Neutral;De acuerdo;Neutral;De acuerdo;De acuerdo;De acuerdo;De acuerdo;De acuerdo;De acuerdo;De acuerdo;Neutral;De acuerdo;Neutral;De acuerdo;De acuerdo;De acuerdo
ID-011;Ciencias médicas y de la salud;2;28;Femenino;Mujer;Privada;De acuerdo;Neutral;Neutral;De acuerdo;En desacuerdo;En desacuerdo;De acuerdo;Neutral;Totalmente de acuerdo;Totalmente de acuerdo;Totalmente de acuerdo;Totalmente de acuerdo;Neutral;Totalmente de acuerdo;Totalmente de acuerdo;Totalmente de acuerdo;Neutral;De acuerdo;De acuerdo;Totalmente de acuerdo;Totalmente de acuerdo;Totalmente de acuerdo;Totalmente de acuerdo;Totalmente de acuerdo;Totalmente de acuerdo
ID-012;Ciencias médicas y de la salud;18;59;Masculino;Hombre;Privada;De acuerdo;De acuerdo;De acuerdo;De acuerdo;Totalmente de acuerdo;Totalmente de acuerdo;De acuerdo;De acuerdo;Totalmente de acuerdo;De acuerdo;De acuerdo;De acuerdo;De acuerdo;De acuerdo;Totalmente de acuerdo;De acuerdo;Totalmente de acuerdo;Totalmente de acuerdo;Totalmente de acuerdo;De acuerdo;Totalmente de acuerdo;De acuerdo;Totalmente de acuerdo;De acuerdo;De acuerdo
ID-013;Ciencias médicas y de la salud;25;53;Femenino;Mujer;Privada;Neutral;De acuerdo;De acuerdo;De acuerdo;Neutral;De acuerdo;De acuerdo;De acuerdo;De acuerdo;Neutral;De acuerdo;De acuerdo;De acuerdo;Totalmente de acuerdo;De acuerdo;Totalmente de acuerdo;Neutral;De acuerdo;De acuerdo;De acuerdo;De acuerdo;De acuerdo;De acuerdo;Neutral;De acuerdo
ID-014;Ciencias médicas y de la salud;5;32;Femenino;Mujer;Privada;Neutral;De acuerdo;Neutral;De acuerdo;Neutral;Neutral;Neutral;Neutral;De acuerdo;De acuerdo;Neutral;Neutral;Neutral;De acuerdo;De acuerdo;De acuerdo;Neutral;De acuerdo;De acuerdo;En desacuerdo;Neutral;Neutral;Neutral;Neutral;De acuerdo
ID-015;Ciencias médicas y de la salud;12;42;Femenino;Mujer;Privada;Totalmente de acuerdo;Totalmente de acuerdo;Totalmente de acuerdo;Totalmente de acuerdo;De acuerdo;En desacuerdo;En desacuerdo;En desacuerdo;En desacuerdo;De acuerdo;Totalmente de acuerdo;Totalmente de acuerdo;En desacuerdo;Totalmente de acuerdo;Totalmente de acuerdo;Totalmente de acuerdo;En desacuerdo;De acuerdo;Totalmente de acuerdo;Totalmente de acuerdo;De acuerdo;De acuerdo;En desacuerdo;De acuerdo;Totalmente de acuerdo
ID-016;Ciencias médicas y de la salud;17;43;Femenino;Mujer;Pública;En desacuerdo;En desacuerdo;En desacuerdo;En desacuerdo;Totalmente de acuerdo;Totalmente de acuerdo;Neutral;De acuerdo;Totalmente de acuerdo;De acuerdo;De acuerdo;Neutral;Neutral;Totalmente de acuerdo;Totalmente de acuerdo;Totalmente de acuerdo;Totalmente de acuerdo;Totalmente de acuerdo;Totalmente de acuerdo;En desacuerdo;Totalmente de acuerdo;De acuerdo;En desacuerdo;Totalmente de acuerdo;Totalmente de acuerdo
ID-017;Ingeniería y tecnología;5;39;Masculino;Hombre;Privada;Totalmente de acuerdo;Totalmente de acuerdo;Totalmente de acuerdo;Totalmente de acuerdo;Totalmente de acuerdo;Totalmente de acuerdo;Totalmente de acuerdo;Totalmente de acuerdo;Totalmente de acuerdo;Totalmente de acuerdo;Totalmente de acuerdo;Totalmente de acuerdo;Totalmente de acuerdo;Totalmente de acuerdo;Totalmente de acuerdo;Totalmente de acuerdo;Totalmente de acuerdo;Totalmente de acuerdo;Totalmente de acuerdo;Totalmente de acuerdo;Totalmente de acuerdo;Totalmente de acuerdo;Totalmente de acuerdo;Totalmente de acuerdo;Totalmente de acuerdo
ID-018;Ciencias médicas y de la salud;6;37;Masculino;Hombre;Pública;Totalmente en desacuerdo;Totalmente en desacuerdo;Totalmente en desacuerdo;Totalmente en desacuerdo;Totalmente en desacuerdo;Totalmente en desacuerdo;Totalmente en desacuerdo;Totalmente en desacuerdo;Totalmente en desacuerdo;Totalmente en desacuerdo;Totalmente en desacuerdo;Totalmente en desacuerdo;Totalmente en desacuerdo;De acuerdo;De acuerdo;De acuerdo;Totalmente de acuerdo;Totalmente de acuerdo;Totalmente de acuerdo;Totalmente en desacuerdo;Totalmente de acuerdo;Totalmente de acuerdo;Totalmente de acuerdo;Totalmente de acuerdo;Totalmente de acuerdo
ID-019;Humanidades;18;47;Femenino;Mujer;Privada;Neutral;Neutral;De acuerdo;Neutral;De acuerdo;De acuerdo;De acuerdo;De acuerdo;De acuerdo;Neutral;Neutral;Neutral;Neutral;Neutral;Neutral;Neutral;Neutral;Neutral;Neutral;Neutral;Neutral;Neutral;Neutral;Neutral;Neutral
ID-020;Ciencias médicas y de la salud;9;40;Femenino;Mujer;Privada;De acuerdo;Neutral;De acuerdo;Neutral;De acuerdo;De acuerdo;Neutral;De acuerdo;Totalmente de acuerdo;De acuerdo;De acuerdo;De acuerdo;Neutral;De acuerdo;Neutral;De acuerdo;De acuerdo;De acuerdo;De acuerdo;De acuerdo;De acuerdo;De acuerdo;De acuerdo;De acuerdo;De acuerdo
ID-021;Ciencias médicas y de la salud;23;51;Femenino;Mujer;Privada;Neutral;Neutral;Neutral;Neutral;De acuerdo;De acuerdo;De acuerdo;De acuerdo;De acuerdo;Totalmente en desacuerdo;Totalmente en desacuerdo;Totalmente en desacuerdo;De acuerdo;En desacuerdo;Totalmente en desacuerdo;De acuerdo;Neutral;De acuerdo;De acuerdo;En desacuerdo;En desacuerdo;En desacuerdo;En desacuerdo;Totalmente en desacuerdo;De acuerdo
ID-022;Humanidades;26;58;Masculino;Hombre;Privada;Neutral;Neutral;De acuerdo;De acuerdo;De acuerdo;De acuerdo;De acuerdo;De acuerdo;De acuerdo;De acuerdo;De acuerdo;De acuerdo;De acuerdo;De acuerdo;Neutral;De acuerdo;De acuerdo;De acuerdo;De acuerdo;Neutral;Neutral;Neutral;Neutral;De acuerdo;De acuerdo
ID-023;Ciencias médicas y de la salud;4;32;Masculino;Hombre;Privada;De acuerdo;Neutral;Neutral;Neutral;Neutral;En desacuerdo;En desacuerdo;Neutral;De acuerdo;De acuerdo;Totalmente de acuerdo;Totalmente de acuerdo;Neutral;Totalmente de acuerdo;Totalmente de acuerdo;Totalmente de acuerdo;Totalmente de acuerdo;Totalmente de acuerdo;Totalmente de acuerdo;Neutral;Totalmente de acuerdo;Totalmente de acuerdo;Totalmente de acuerdo;Totalmente de acuerdo;Totalmente de acuerdo
ID-024;Humanidades;4;41;Masculino;Hombre;Privada;Totalmente en desacuerdo;Totalmente en desacuerdo;Totalmente en desacuerdo;Totalmente en desacuerdo;Totalmente en desacuerdo;Totalmente en desacuerdo;Totalmente en desacuerdo;Totalmente en desacuerdo;Totalmente en desacuerdo;Totalmente en desacuerdo;Totalmente en desacuerdo;Totalmente en desacuerdo;Totalmente en desacuerdo;Totalmente en desacuerdo;Totalmente en desacuerdo;Totalmente en desacuerdo;Totalmente en desacuerdo;Totalmente en desacuerdo;Totalmente en desacuerdo;Totalmente en desacuerdo;Totalmente en desacuerdo;Totalmente en desacuerdo;Totalmente en desacuerdo;Totalmente en desacuerdo;Totalmente en desacuerdo
ID-025;Ciencias sociales;9;39;Femenino;Mujer;Pública;De acuerdo;De acuerdo;De acuerdo;De acuerdo;Totalmente de acuerdo;Totalmente de acuerdo;De acuerdo;De acuerdo;De acuerdo;Neutral;Neutral;Neutral;De acuerdo;De acuerdo;De acuerdo;Totalmente de acuerdo;De acuerdo;De acuerdo;Totalmente de acuerdo;En desacuerdo;De acuerdo;Neutral;Totalmente de acuerdo;Neutral;De acuerdo
ID-026;Ciencias médicas y de la salud;6;50;Masculino;Hombre;Privada;De acuerdo;Neutral;De acuerdo;En desacuerdo;Totalmente de acuerdo;Totalmente de acuerdo;De acuerdo;De acuerdo;Totalmente de acuerdo;De acuerdo;Neutral;En desacuerdo;Neutral;Totalmente de acuerdo;Totalmente de acuerdo;Totalmente de acuerdo;Totalmente de acuerdo;En desacuerdo;Totalmente de acuerdo;Neutral;De acuerdo;Neutral;De acuerdo;De acuerdo;Totalmente de acuerdo
ID-027;Ciencias médicas y de la salud;8;35;Femenino;Mujer;Pública;De acuerdo;Neutral;De acuerdo;Neutral;Neutral;Neutral;Neutral;Neutral;Neutral;De acuerdo;De acuerdo;De acuerdo;Neutral;De acuerdo;De acuerdo;De acuerdo;De acuerdo;Neutral;Neutral;Neutral;De acuerdo;Neutral;Neutral;Neutral;Neutral
ID-028;Ciencias médicas y de la salud;9;33;Femenino;Mujer;Privada;De acuerdo;De acuerdo;En desacuerdo;Totalmente en desacuerdo;Totalmente de acuerdo;Totalmente de acuerdo;De acuerdo;De acuerdo;Totalmente de acuerdo;Totalmente en desacuerdo;De acuerdo;En desacuerdo;Totalmente de acuerdo;De acuerdo;De acuerdo;Totalmente de acuerdo;En desacuerdo;Totalmente de acuerdo;Totalmente de acuerdo;De acuerdo;Neutral;De acuerdo;Totalmente de acuerdo;En desacuerdo;Totalmente de acuerdo
ID-029;Ciencias médicas y de la salud;40;60;Masculino;Hombre;Pública;Neutral;Totalmente en desacuerdo;Totalmente en desacuerdo;Totalmente en desacuerdo;Totalmente de acuerdo;Totalmente de acuerdo;Neutral;Neutral;Totalmente de acuerdo;Totalmente de acuerdo;Totalmente de acuerdo;Totalmente de acuerdo;Totalmente de acuerdo;Totalmente de acuerdo;Totalmente de acuerdo;Totalmente de acuerdo;Neutral;De acuerdo;Neutral;Totalmente en desacuerdo;Totalmente de acuerdo;Neutral;Neutral;Totalmente de acuerdo;Totalmente de acuerdo
ID-030;Ciencias médicas y de la salud;5;32;Femenino;Mujer;Privada;Totalmente en desacuerdo;En desacuerdo;En desacuerdo;En desacuerdo;Totalmente en desacuerdo;Totalmente en desacuerdo;Totalmente en desacuerdo;Totalmente en desacuerdo;Totalmente en desacuerdo;Totalmente en desacuerdo;Totalmente en desacuerdo;Totalmente en desacuerdo;Totalmente en desacuerdo;Totalmente en desacuerdo;Totalmente en desacuerdo;Totalmente en desacuerdo;Totalmente en desacuerdo;Totalmente en desacuerdo;Totalmente en desacuerdo;En desacuerdo;Totalmente en desacuerdo;En desacuerdo;Totalmente en desacuerdo;Totalmente en desacuerdo;Totalmente en desacuerdo
ID-031;Ciencias médicas y de la salud;3;28;Femenino;Mujer;Privada;De acuerdo;De acuerdo;En desacuerdo;En desacuerdo;De acuerdo;Neutral;Neutral;Neutral;De acuerdo;En desacuerdo;Neutral;En desacuerdo;Neutral;De acuerdo;Neutral;De acuerdo;Neutral;Neutral;En desacuerdo;Totalmente en desacuerdo;Neutral;Neutral;Neutral;Neutral;De acuerdo
ID-032;Ciencias médicas y de la salud;6;34;Femenino;Mujer;Privada;Neutral;Neutral;Neutral;Neutral;En desacuerdo;Neutral;En desacuerdo;Neutral;De acuerdo;De acuerdo;De acuerdo;De acuerdo;De acuerdo;De acuerdo;De acuerdo;De acuerdo;De acuerdo;De acuerdo;De acuerdo;Neutral;Totalmente de acuerdo;De acuerdo;De acuerdo;Totalmente de acuerdo;De acuerdo
ID-033;Ciencias médicas y de la salud;35;35;Femenino;Mujer;Pública;En desacuerdo;Neutral;Neutral;En desacuerdo;De acuerdo;Totalmente de acuerdo;Neutral;De acuerdo;Totalmente de acuerdo;Neutral;Neutral;Neutral;De acuerdo;De acuerdo;De acuerdo;De acuerdo;De acuerdo;De acuerdo;De acuerdo;Totalmente en desacuerdo;En desacuerdo;En desacuerdo;De acuerdo;De acuerdo;De acuerdo
ID-034;Ciencias médicas y de la salud;30;60;Femenino;Mujer;Privada;De acuerdo;De acuerdo;En desacuerdo;Neutral;En desacuerdo;Neutral;Neutral;De acuerdo;Totalmente de acuerdo;Neutral;De acuerdo;De acuerdo;Neutral;De acuerdo;De acuerdo;De acuerdo;De acuerdo;Neutral;De acuerdo;Neutral;Neutral;Neutral;Neutral;De acuerdo;De acuerdo
ID-035;Ciencias médicas y de la salud;35;59;Femenino;Mujer;Pública;De acuerdo;De acuerdo;De acuerdo;De acuerdo;De acuerdo;De acuerdo;De acuerdo;De acuerdo;Totalmente de acuerdo;De acuerdo;De acuerdo;De acuerdo;De acuerdo;Totalmente de acuerdo;Totalmente de acuerdo;Totalmente de acuerdo;Totalmente de acuerdo;Totalmente de acuerdo;Totalmente de acuerdo;Neutral;De acuerdo;De acuerdo;De acuerdo;De acuerdo;Totalmente de acuerdo
ID-036;Ciencias médicas y de la salud;28;55;Femenino;Mujer;Privada;De acuerdo;De acuerdo;De acuerdo;De acuerdo;De acuerdo;Neutral;En desacuerdo;Neutral;De acuerdo;Totalmente de acuerdo;Totalmente de acuerdo;Totalmente de acuerdo;De acuerdo;Totalmente de acuerdo;Totalmente de acuerdo;Totalmente de acuerdo;Totalmente de acuerdo;Totalmente de acuerdo;Totalmente de acuerdo;Neutral;Totalmente de acuerdo;Totalmente de acuerdo;De acuerdo;Totalmente de acuerdo;Totalmente de acuerdo
ID-037;Ciencias médicas y de la salud;18;48;Femenino;Mujer;Privada;Neutral;Neutral;Neutral;Neutral;De acuerdo;Neutral;Totalmente de acuerdo;Totalmente de acuerdo;Totalmente de acuerdo;En desacuerdo;En desacuerdo;En desacuerdo;En desacuerdo;Neutral;Neutral;Neutral;En desacuerdo;En desacuerdo;En desacuerdo;En desacuerdo;En desacuerdo;En desacuerdo;En desacuerdo;De acuerdo;Neutral
ID-038;Ciencias médicas y de la salud;4;38;Femenino;Mujer;Privada;Neutral;Neutral;Neutral;Neutral;Neutral;Neutral;Neutral;Neutral;Neutral;Totalmente de acuerdo;Totalmente de acuerdo;Totalmente de acuerdo;Totalmente de acuerdo;Totalmente de acuerdo;Totalmente de acuerdo;Totalmente de acuerdo;Totalmente de acuerdo;Totalmente de acuerdo;Totalmente de acuerdo;Totalmente de acuerdo;Totalmente de acuerdo;Totalmente de acuerdo;Totalmente de acuerdo;Totalmente de acuerdo;Totalmente de acuerdo
ID-039;Ciencias médicas y de la salud;1;27;Femenino;Mujer;Privada;Neutral;Neutral;De acuerdo;Neutral;Totalmente de acuerdo;Totalmente de acuerdo;Totalmente de acuerdo;Totalmente de acuerdo;Totalmente de acuerdo;De acuerdo;De acuerdo;De acuerdo;Totalmente de acuerdo;De acuerdo;Totalmente de acuerdo;Totalmente de acuerdo;De acuerdo;Totalmente de acuerdo;Totalmente de acuerdo;En desacuerdo;De acuerdo;En desacuerdo;Totalmente de acuerdo;Totalmente de acuerdo;Totalmente de acuerdo
ID-040;Ciencias médicas y de la salud;30;62;Femenino;Mujer;Privada;De acuerdo;Neutral;De acuerdo;Neutral;De acuerdo;De acuerdo;De acuerdo;De acuerdo;De acuerdo;En desacuerdo;Neutral;Neutral;Neutral;En desacuerdo;Neutral;En desacuerdo;Neutral;Neutral;Neutral;Neutral;Neutral;Neutral;De acuerdo;Neutral;Neutral
ID-041;Ciencias médicas y de la salud;8;31;Masculino;Hombre;Privada;Totalmente de acuerdo;Totalmente de acuerdo;Totalmente de acuerdo;Neutral;Totalmente de acuerdo;Totalmente de acuerdo;Totalmente de acuerdo;De acuerdo;De acuerdo;Totalmente de acuerdo;Totalmente de acuerdo;Totalmente en desacuerdo;Totalmente de acuerdo;De acuerdo;Totalmente de acuerdo;Totalmente de acuerdo;Totalmente en desacuerdo;Totalmente de acuerdo;Totalmente de acuerdo;Totalmente en desacuerdo;Totalmente de acuerdo;Neutral;Totalmente de acuerdo;En desacuerdo;En desacuerdo
ID-042;Ciencias médicas y de la salud;5;47;Femenino;Mujer;Privada;Neutral;Neutral;De acuerdo;De acuerdo;De acuerdo;De acuerdo;De acuerdo;De acuerdo;Neutral;Neutral;De acuerdo;De acuerdo;De acuerdo;Neutral;De acuerdo;De acuerdo;De acuerdo;De acuerdo;De acuerdo;De acuerdo;De acuerdo;De acuerdo;De acuerdo;Neutral;De acuerdo
ID-043;Ciencias sociales;18;41;Masculino;Hombre;Privada;De acuerdo;De acuerdo;De acuerdo;Neutral;De acuerdo;De acuerdo;De acuerdo;De acuerdo;De acuerdo;Neutral;De acuerdo;Neutral;De acuerdo;De acuerdo;De acuerdo;De acuerdo;Neutral;De acuerdo;Neutral;De acuerdo;De acuerdo;De acuerdo;De acuerdo;Neutral;De acuerdo
ID-044;Ciencias médicas y de la salud;6;40;Masculino;Hombre;Pública;De acuerdo;De acuerdo;De acuerdo;De acuerdo;De acuerdo;Neutral;Neutral;De acuerdo;De acuerdo;De acuerdo;De acuerdo;De acuerdo;Neutral;De acuerdo;De acuerdo;De acuerdo;De acuerdo;De acuerdo;De acuerdo;Neutral;De acuerdo;De acuerdo;De acuerdo;De acuerdo;De acuerdo
ID-045;Ciencias médicas y de la salud;28;52;Femenino;Mujer;Pública;De acuerdo;Neutral;De acuerdo;De acuerdo;De acuerdo;De acuerdo;De acuerdo;De acuerdo;De acuerdo;De acuerdo;De acuerdo;De acuerdo;Neutral;Totalmente de acuerdo;Totalmente de acuerdo;Totalmente de acuerdo;Totalmente de acuerdo;Totalmente de acuerdo;Totalmente de acuerdo;Totalmente en desacuerdo;De acuerdo;Totalmente de acuerdo;De acuerdo;Totalmente de acuerdo;Totalmente de acuerdo
ID-046;Ciencias médicas y de la salud;29;58;Femenino;Mujer;Pública;Neutral;Neutral;De acuerdo;En desacuerdo;En desacuerdo;En desacuerdo;En desacuerdo;De acuerdo;De acuerdo;Totalmente de acuerdo;De acuerdo;Totalmente de acuerdo;Totalmente de acuerdo;Totalmente de acuerdo;Totalmente de acuerdo;Totalmente de acuerdo;Totalmente de acuerdo;Totalmente de acuerdo;Totalmente de acuerdo;En desacuerdo;Totalmente de acuerdo;Neutral;Neutral;Neutral;Neutral
ID-047;Ciencias médicas y de la salud;30;60;Femenino;Mujer;Pública;Totalmente de acuerdo;De acuerdo;Neutral;Totalmente de acuerdo;Totalmente de acuerdo;Totalmente de acuerdo;Totalmente de acuerdo;Totalmente de acuerdo;Totalmente de acuerdo;Totalmente de acuerdo;Totalmente de acuerdo;Totalmente de acuerdo;De acuerdo;De acuerdo;Totalmente de acuerdo;Totalmente de acuerdo;De acuerdo;Totalmente de acuerdo;Totalmente de acuerdo;Totalmente de acuerdo;Totalmente de acuerdo;Totalmente de acuerdo;Totalmente de acuerdo;Totalmente de acuerdo;Totalmente de acuerdo
ID-048;Humanidades;6;29;Femenino;Mujer;Pública;Totalmente de acuerdo;Totalmente de acuerdo;Totalmente de acuerdo;Totalmente de acuerdo;Neutral;Neutral;En desacuerdo;Neutral;De acuerdo;Totalmente de acuerdo;Totalmente de acuerdo;Totalmente de acuerdo;Totalmente de acuerdo;Totalmente de acuerdo;Totalmente de acuerdo;Totalmente de acuerdo;Totalmente de acuerdo;Totalmente de acuerdo;Totalmente de acuerdo;Totalmente de acuerdo;Totalmente de acuerdo;Totalmente de acuerdo;Totalmente de acuerdo;Totalmente de acuerdo;Totalmente de acuerdo
ID-049;Ciencias médicas y de la salud;3;38;Femenino;Mujer;Privada;En desacuerdo;En desacuerdo;En desacuerdo;En desacuerdo;De acuerdo;De acuerdo;De acuerdo;De acuerdo;Totalmente de acuerdo;De acuerdo;De acuerdo;De acuerdo;Neutral;De acuerdo;Totalmente de acuerdo;Totalmente de acuerdo;Totalmente de acuerdo;Totalmente de acuerdo;Totalmente de acuerdo;Totalmente en desacuerdo;De acuerdo;De acuerdo;Neutral;Neutral;De acuerdo
ID-050;Ingeniería y tecnología;9;53;Femenino;Mujer;Privada;Totalmente en desacuerdo;En desacuerdo;Totalmente en desacuerdo;Totalmente en desacuerdo;De acuerdo;De acuerdo;De acuerdo;De acuerdo;De acuerdo;De acuerdo;De acuerdo;De acuerdo;De acuerdo;De acuerdo;De acuerdo;De acuerdo;De acuerdo;De acuerdo;De acuerdo;En desacuerdo;De acuerdo;De acuerdo;De acuerdo;De acuerdo;De acuerdo
ID-051;Ciencias sociales;26;64;Femenino;Mujer;Pública;Totalmente de acuerdo;De acuerdo;De acuerdo;Neutral;Totalmente de acuerdo;Totalmente en desacuerdo;De acuerdo;De acuerdo;De acuerdo;Totalmente de acuerdo;Totalmente de acuerdo;Totalmente de acuerdo;De acuerdo;Totalmente de acuerdo;Totalmente de acuerdo;Totalmente de acuerdo;Totalmente de acuerdo;Totalmente de acuerdo;Totalmente de acuerdo;Totalmente en desacuerdo;Totalmente de acuerdo;Totalmente de acuerdo;De acuerdo;En desacuerdo;De acuerdo
ID-052;Ciencias sociales;20;68;Masculino;Hombre;Privada;En desacuerdo;De acuerdo;Neutral;Neutral;De acuerdo;De acuerdo;De acuerdo;De acuerdo;Totalmente de acuerdo;De acuerdo;De acuerdo;De acuerdo;Neutral;De acuerdo;De acuerdo;De acuerdo;De acuerdo;De acuerdo;De acuerdo;Neutral;Neutral;Neutral;De acuerdo;De acuerdo;De acuerdo
ID-053;Ingeniería y tecnología;14;50;Masculino;Hombre;Pública;Totalmente de acuerdo;Totalmente de acuerdo;Totalmente de acuerdo;Totalmente de acuerdo;Totalmente de acuerdo;Totalmente de acuerdo;Neutral;Neutral;Neutral;Totalmente de acuerdo;Totalmente de acuerdo;Totalmente de acuerdo;Neutral;Totalmente de acuerdo;Totalmente de acuerdo;De acuerdo;Totalmente de acuerdo;En desacuerdo;Totalmente de acuerdo;Totalmente de acuerdo;Totalmente de acuerdo;Totalmente de acuerdo;Neutral;Totalmente de acuerdo;Totalmente de acuerdo
ID-054;Ingeniería y tecnología;10;44;Femenino;Mujer;Privada;De acuerdo;De acuerdo;Neutral;Neutral;De acuerdo;De acuerdo;De acuerdo;De acuerdo;De acuerdo;De acuerdo;Totalmente de acuerdo;Totalmente de acuerdo;De acuerdo;Totalmente de acuerdo;Totalmente de acuerdo;Totalmente de acuerdo;De acuerdo;De acuerdo;Neutral;De acuerdo;De acuerdo;Totalmente de acuerdo;De acuerdo;Neutral;De acuerdo
ID-055;Ciencias sociales;25;49;Femenino;Mujer;Privada;Neutral;Neutral;Neutral;Neutral;De acuerdo;De acuerdo;Neutral;De acuerdo;De acuerdo;Neutral;Neutral;Neutral;De acuerdo;De acuerdo;De acuerdo;De acuerdo;Neutral;Neutral;Neutral;Neutral;De acuerdo;Neutral;De acuerdo;De acuerdo;De acuerdo
ID-056;Ciencias médicas y de la salud;35;59;Femenino;Mujer;Privada;Neutral;Neutral;Neutral;Neutral;De acuerdo;De acuerdo;De acuerdo;De acuerdo;De acuerdo;De acuerdo;De acuerdo;De acuerdo;De acuerdo;De acuerdo;De acuerdo;De acuerdo;De acuerdo;De acuerdo;De acuerdo;De acuerdo;De acuerdo;De acuerdo;De acuerdo;De acuerdo;De acuerdo
ID-057;Ciencias médicas y de la salud;2;32;Femenino;Mujer;Privada;Totalmente de acuerdo;De acuerdo;De acuerdo;De acuerdo;De acuerdo;De acuerdo;Neutral;De acuerdo;Neutral;De acuerdo;Totalmente de acuerdo;Totalmente de acuerdo;Neutral;Totalmente de acuerdo;De acuerdo;Totalmente de acuerdo;Neutral;En desacuerdo;Neutral;Totalmente en desacuerdo;De acuerdo;De acuerdo;Neutral;De acuerdo;De acuerdo
ID-058;Ciencias sociales;7;57;Femenino;Mujer;Privada;De acuerdo;De acuerdo;De acuerdo;Neutral;De acuerdo;De acuerdo;De acuerdo;De acuerdo;De acuerdo;De acuerdo;De acuerdo;De acuerdo;Totalmente de acuerdo;Totalmente de acuerdo;Totalmente de acuerdo;Totalmente de acuerdo;De acuerdo;De acuerdo;Totalmente de acuerdo;Neutral;De acuerdo;De acuerdo;De acuerdo;De acuerdo;De acuerdo
ID-059;Ciencias médicas y de la salud;14;43;Femenino;Mujer;Privada;De acuerdo;De acuerdo;Neutral;De acuerdo;De acuerdo;Neutral;De acuerdo;De acuerdo;De acuerdo;De acuerdo;De acuerdo;De acuerdo;De acuerdo;De acuerdo;De acuerdo;De acuerdo;De acuerdo;De acuerdo;De acuerdo;Neutral;De acuerdo;Neutral;Neutral;De acuerdo;De acuerdo
ID-060;Ciencias sociales;8;32;Masculino;Hombre;Privada;Neutral;Neutral;Neutral;En desacuerdo;De acuerdo;De acuerdo;Neutral;De acuerdo;Totalmente de acuerdo;Neutral;Neutral;De acuerdo;De acuerdo;Totalmente de acuerdo;Totalmente de acuerdo;De acuerdo;Totalmente de acuerdo;Totalmente de acuerdo;Totalmente de acuerdo;Totalmente en desacuerdo;De acuerdo;De acuerdo;Totalmente de acuerdo;Neutral;Totalmente de acuerdo
ID-061;Ciencias sociales;17;43;Masculino;Hombre;Privada;Neutral;Neutral;Neutral;Neutral;Neutral;Neutral;Neutral;Neutral;Neutral;Totalmente en desacuerdo;Totalmente en desacuerdo;Totalmente en desacuerdo;Totalmente en desacuerdo;Totalmente en desacuerdo;Totalmente en desacuerdo;Totalmente en desacuerdo;Totalmente en desacuerdo;Totalmente en desacuerdo;Totalmente en desacuerdo;Totalmente en desacuerdo;Totalmente en desacuerdo;Totalmente en desacuerdo;Totalmente en desacuerdo;Totalmente en desacuerdo;Totalmente en desacuerdo
ID-062;Ciencias médicas y de la salud;13;43;Femenino;Mujer;Privada;Neutral;Neutral;En desacuerdo;En desacuerdo;De acuerdo;De acuerdo;De acuerdo;De acuerdo;Totalmente de acuerdo;De acuerdo;De acuerdo;De acuerdo;De acuerdo;De acuerdo;De acuerdo;De acuerdo;De acuerdo;De acuerdo;De acuerdo;En desacuerdo;De acuerdo;Neutral;Neutral;Neutral;De acuerdo
ID-063;Ciencias sociales;16;54;Masculino;Hombre;Privada;Totalmente de acuerdo;Totalmente de acuerdo;Totalmente de acuerdo;Totalmente de acuerdo;Totalmente de acuerdo;Totalmente de acuerdo;Totalmente de acuerdo;Totalmente de acuerdo;Totalmente de acuerdo;Totalmente de acuerdo;Totalmente de acuerdo;Totalmente de acuerdo;Totalmente de acuerdo;Totalmente de acuerdo;Totalmente de acuerdo;Totalmente de acuerdo;Totalmente de acuerdo;Totalmente de acuerdo;Totalmente de acuerdo;Totalmente de acuerdo;Totalmente de acuerdo;Totalmente de acuerdo;De acuerdo;Totalmente de acuerdo;Totalmente de acuerdo
ID-064;Humanidades;20;52;Femenino;Mujer;Privada;De acuerdo;De acuerdo;Neutral;De acuerdo;De acuerdo;De acuerdo;Neutral;De acuerdo;De acuerdo;Totalmente de acuerdo;Totalmente de acuerdo;De acuerdo;Neutral;De acuerdo;De acuerdo;De acuerdo;De acuerdo;De acuerdo;Totalmente de acuerdo;De acuerdo;De acuerdo;De acuerdo;De acuerdo;De acuerdo;De acuerdo
ID-065;Ciencias sociales;23;50;Masculino;Hombre;Privada;Totalmente de acuerdo;En desacuerdo;Neutral;Neutral;Totalmente de acuerdo;Totalmente de acuerdo;Totalmente de acuerdo;Totalmente de acuerdo;Totalmente de acuerdo;Neutral;Neutral;Neutral;Neutral;Totalmente de acuerdo;Totalmente de acuerdo;Totalmente de acuerdo;De acuerdo;De acuerdo;De acuerdo;De acuerdo;De acuerdo;Neutral;De acuerdo;De acuerdo;De acuerdo
ID-066;Ingeniería y tecnología;8;40;Femenino;Mujer;Privada;De acuerdo;Neutral;Neutral;De acuerdo;Totalmente de acuerdo;Totalmente de acuerdo;Totalmente de acuerdo;Totalmente de acuerdo;De acuerdo;En desacuerdo;De acuerdo;Neutral;Neutral;De acuerdo;Totalmente de acuerdo;Totalmente de acuerdo;De acuerdo;De acuerdo;De acuerdo;Totalmente de acuerdo;Totalmente de acuerdo;Totalmente de acuerdo;Totalmente de acuerdo;Neutral;De acuerdo
ID-067;Ciencias médicas y de la salud;10;43;Femenino;Mujer;Privada;De acuerdo;Neutral;De acuerdo;De acuerdo;Neutral;De acuerdo;Neutral;De acuerdo;Neutral;Neutral;Neutral;Neutral;Neutral;Neutral;Neutral;De acuerdo;Neutral;Neutral;Neutral;Neutral;Neutral;Neutral;De acuerdo;Neutral;Neutral
ID-068;Ciencias médicas y de la salud;17;55;Femenino;Mujer;Pública;De acuerdo;Neutral;De acuerdo;De acuerdo;Totalmente de acuerdo;De acuerdo;De acuerdo;Totalmente de acuerdo;Totalmente de acuerdo;De acuerdo;De acuerdo;De acuerdo;De acuerdo;Totalmente de acuerdo;Totalmente de acuerdo;Totalmente de acuerdo;De acuerdo;De acuerdo;Totalmente de acuerdo;En desacuerdo;De acuerdo;Neutral;De acuerdo;De acuerdo;De acuerdo
ID-069;Ciencias sociales;24;54;Masculino;Hombre;Privada;De acuerdo;De acuerdo;De acuerdo;De acuerdo;De acuerdo;De acuerdo;De acuerdo;De acuerdo;De acuerdo;Totalmente de acuerdo;Totalmente de acuerdo;Totalmente de acuerdo;De acuerdo;De acuerdo;De acuerdo;De acuerdo;De acuerdo;De acuerdo;De acuerdo;De acuerdo;De acuerdo;De acuerdo;Neutral;De acuerdo;De acuerdo
ID-070;Ciencias médicas y de la salud;36;60;Masculino;Hombre;Pública;Totalmente de acuerdo;De acuerdo;De acuerdo;De acuerdo;De acuerdo;Neutral;Neutral;Totalmente de acuerdo;Totalmente de acuerdo;Totalmente de acuerdo;Totalmente de acuerdo;Totalmente de acuerdo;Totalmente de acuerdo;De acuerdo;Totalmente de acuerdo;Totalmente de acuerdo;De acuerdo;De acuerdo;De acuerdo;Totalmente de acuerdo;De acuerdo;De acuerdo;Neutral;De acuerdo;De acuerdo
ID-071;Ciencias médicas y de la salud;18;48;Femenino;Mujer;Pública;De acuerdo;Neutral;Neutral;En desacuerdo;De acuerdo;De acuerdo;De acuerdo;Neutral;De acuerdo;De acuerdo;De acuerdo;De acuerdo;Neutral;De acuerdo;De acuerdo;De acuerdo;De acuerdo;De acuerdo;De acuerdo;De acuerdo;De acuerdo;De acuerdo;De acuerdo;Neutral;De acuerdo
ID-072;Ciencias médicas y de la salud;4;34;Femenino;Mujer;Privada;De acuerdo;Neutral;Neutral;Neutral;En desacuerdo;En desacuerdo;En desacuerdo;Neutral;Neutral;De acuerdo;De acuerdo;De acuerdo;De acuerdo;De acuerdo;Neutral;De acuerdo;De acuerdo;De acuerdo;De acuerdo;En desacuerdo;Neutral;De acuerdo;De acuerdo;De acuerdo;De acuerdo
ID-073;Ciencias médicas y de la salud;13;48;Masculino;Mujer;Privada;De acuerdo;De acuerdo;Neutral;Neutral;Totalmente de acuerdo;Totalmente de acuerdo;Neutral;Neutral;Neutral;En desacuerdo;Neutral;Neutral;Neutral;Neutral;Neutral;De acuerdo;Neutral;Neutral;Neutral;Totalmente en desacuerdo;Neutral;Neutral;Neutral;De acuerdo;De acuerdo
ID-074;Ciencias médicas y de la salud;8;41;Femenino;Mujer;Privada;Neutral;De acuerdo;Neutral;De acuerdo;En desacuerdo;Totalmente de acuerdo;Totalmente de acuerdo;De acuerdo;De acuerdo;De acuerdo;De acuerdo;De acuerdo;Neutral;De acuerdo;De acuerdo;De acuerdo;Neutral;De acuerdo;Totalmente de acuerdo;De acuerdo;De acuerdo;De acuerdo;Totalmente de acuerdo;Totalmente de acuerdo;Totalmente de acuerdo
ID-075;Ciencias médicas y de la salud;9;48;Femenino;Mujer;Privada;De acuerdo;De acuerdo;Neutral;De acuerdo;De acuerdo;De acuerdo;De acuerdo;De acuerdo;De acuerdo;De acuerdo;De acuerdo;De acuerdo;De acuerdo;De acuerdo;De acuerdo;De acuerdo;De acuerdo;De acuerdo;De acuerdo;De acuerdo;De acuerdo;De acuerdo;De acuerdo;De acuerdo;De acuerdo
ID-076;Ciencias médicas y de la salud;3;47;Femenino;Mujer;Privada;Totalmente de acuerdo;De acuerdo;De acuerdo;De acuerdo;Totalmente de acuerdo;De acuerdo;De acuerdo;De acuerdo;De acuerdo;Totalmente de acuerdo;Totalmente de acuerdo;Totalmente de acuerdo;De acuerdo;Totalmente de acuerdo;Totalmente de acuerdo;Totalmente de acuerdo;Totalmente de acuerdo;Totalmente de acuerdo;Totalmente de acuerdo;Totalmente de acuerdo;Totalmente de acuerdo;De acuerdo;De acuerdo;Totalmente de acuerdo;Totalmente de acuerdo
ID-077;Ciencias médicas y de la salud;18;42;Femenino;Mujer;Privada;Neutral;Neutral;Neutral;Neutral;De acuerdo;De acuerdo;Neutral;Neutral;De acuerdo;De acuerdo;De acuerdo;De acuerdo;Neutral;Totalmente de acuerdo;De acuerdo;Totalmente de acuerdo;De acuerdo;De acuerdo;De acuerdo;Totalmente en desacuerdo;Neutral;Neutral;Neutral;Neutral;De acuerdo
ID-078;Ingeniería y tecnología;7;31;Femenino;Mujer;Privada;Totalmente de acuerdo;De acuerdo;De acuerdo;De acuerdo;Totalmente de acuerdo;De acuerdo;Neutral;En desacuerdo;Totalmente de acuerdo;Totalmente de acuerdo;Totalmente de acuerdo;Totalmente de acuerdo;Neutral;Totalmente de acuerdo;Totalmente de acuerdo;Totalmente de acuerdo;De acuerdo;De acuerdo;Totalmente de acuerdo;Neutral;De acuerdo;Totalmente de acuerdo;Neutral;Totalmente de acuerdo;Totalmente de acuerdo
ID-079;Ciencias médicas y de la salud;21;51;Femenino;Mujer;Privada;Totalmente de acuerdo;Totalmente de acuerdo;Neutral;Neutral;Neutral;Neutral;Neutral;Neutral;Neutral;Totalmente de acuerdo;Totalmente de acuerdo;Totalmente de acuerdo;Totalmente de acuerdo;Totalmente de acuerdo;Totalmente de acuerdo;Totalmente de acuerdo;De acuerdo;De acuerdo;Totalmente de acuerdo;Neutral;Totalmente de acuerdo;Totalmente de acuerdo;Totalmente de acuerdo;Totalmente de acuerdo;Totalmente de acuerdo
ID-080;Ciencias médicas y de la salud;41;76;Masculino;Hombre;Pública;De acuerdo;De acuerdo;De acuerdo;De acuerdo;Totalmente de acuerdo;De acuerdo;De acuerdo;Totalmente de acuerdo;De acuerdo;De acuerdo;De acuerdo;De acuerdo;De acuerdo;De acuerdo;De acuerdo;De acuerdo;Totalmente de acuerdo;Totalmente de acuerdo;Totalmente de acuerdo;Neutral;De acuerdo;Neutral;De acuerdo;De acuerdo;De acuerdo
ID-081;Ciencias médicas y de la salud;20;52;Masculino;Hombre;Pública;De acuerdo;Neutral;Neutral;Neutral;Totalmente de acuerdo;Totalmente de acuerdo;De acuerdo;Totalmente de acuerdo;Totalmente de acuerdo;De acuerdo;De acuerdo;De acuerdo;Neutral;Totalmente de acuerdo;Totalmente de acuerdo;Totalmente de acuerdo;Totalmente de acuerdo;Totalmente de acuerdo;Totalmente de acuerdo;Totalmente en desacuerdo;De acuerdo;Neutral;De acuerdo;De acuerdo;De acuerdo
ID-082;Ciencias médicas y de la salud;10;44;Femenino;Mujer;Pública;Totalmente de acuerdo;Totalmente de acuerdo;De acuerdo;De acuerdo;Totalmente de acuerdo;Neutral;En desacuerdo;De acuerdo;Totalmente de acuerdo;Totalmente de acuerdo;Totalmente de acuerdo;Totalmente de acuerdo;De acuerdo;Totalmente de acuerdo;De acuerdo;De acuerdo;Totalmente de acuerdo;Totalmente de acuerdo;Totalmente de acuerdo;De acuerdo;Totalmente de acuerdo;Totalmente de acuerdo;En desacuerdo;Totalmente de acuerdo;Totalmente de acuerdo
ID-083;Ciencias médicas y de la salud;15;44;Masculino;Hombre;Pública;De acuerdo;De acuerdo;De acuerdo;De acuerdo;De acuerdo;De acuerdo;De acuerdo;De acuerdo;Totalmente de acuerdo;De acuerdo;De acuerdo;Neutral;Neutral;De acuerdo;De acuerdo;De acuerdo;De acuerdo;De acuerdo;De acuerdo;De acuerdo;De acuerdo;Neutral;De acuerdo;Neutral;Totalmente de acuerdo
ID-084;Ingeniería y tecnología;25;48;Femenino;Mujer;Privada;De acuerdo;En desacuerdo;En desacuerdo;En desacuerdo;De acuerdo;Neutral;Neutral;Neutral;De acuerdo;Neutral;Neutral;Neutral;De acuerdo;De acuerdo;Neutral;De acuerdo;Neutral;De acuerdo;De acuerdo;Neutral;De acuerdo;Neutral;De acuerdo;Neutral;De acuerdo
ID-085;Humanidades;6;48;Femenino;Mujer;Privada;Neutral;Neutral;Neutral;Neutral;Totalmente de acuerdo;De acuerdo;Neutral;Neutral;Totalmente de acuerdo;Totalmente de acuerdo;Totalmente de acuerdo;Totalmente de acuerdo;De acuerdo;Totalmente de acuerdo;Totalmente de acuerdo;Totalmente de acuerdo;Totalmente de acuerdo;Totalmente de acuerdo;Totalmente de acuerdo;Neutral;Totalmente de acuerdo;Totalmente de acuerdo;Totalmente de acuerdo;Totalmente de acuerdo;Totalmente de acuerdo
ID-086;Ingeniería y tecnología;18;51;Femenino;Mujer;Privada;Totalmente de acuerdo;Totalmente de acuerdo;Totalmente de acuerdo;Totalmente de acuerdo;Totalmente de acuerdo;Totalmente de acuerdo;De acuerdo;Totalmente de acuerdo;Totalmente de acuerdo;Totalmente de acuerdo;Totalmente de acuerdo;Totalmente de acuerdo;Neutral;Totalmente de acuerdo;Totalmente de acuerdo;Totalmente de acuerdo;Totalmente de acuerdo;Totalmente de acuerdo;Totalmente de acuerdo;Totalmente de acuerdo;Totalmente de acuerdo;Totalmente de acuerdo;Neutral;Totalmente de acuerdo;Totalmente de acuerdo
ID-087;Ciencias médicas y de la salud;15;52;Femenino;Mujer;Pública;De acuerdo;De acuerdo;De acuerdo;De acuerdo;De acuerdo;Neutral;Totalmente de acuerdo;Totalmente de acuerdo;Totalmente de acuerdo;De acuerdo;De acuerdo;De acuerdo;Neutral;De acuerdo;De acuerdo;De acuerdo;De acuerdo;De acuerdo;De acuerdo;Neutral;De acuerdo;De acuerdo;De acuerdo;De acuerdo;De acuerdo
ID-088;Ciencias agrícolas;20;42;Masculino;Hombre;Privada;Neutral;Neutral;Neutral;Neutral;Neutral;Neutral;Neutral;Neutral;Neutral;Neutral;Neutral;Neutral;Neutral;Neutral;Neutral;Neutral;Neutral;Neutral;Neutral;Neutral;Neutral;Neutral;Neutral;Neutral;Neutral
ID-089;Ingeniería y tecnología;10;54;Femenino;Mujer;Privada;De acuerdo;De acuerdo;De acuerdo;De acuerdo;De acuerdo;De acuerdo;De acuerdo;De acuerdo;De acuerdo;Totalmente de acuerdo;Totalmente de acuerdo;Totalmente de acuerdo;De acuerdo;De acuerdo;De acuerdo;De acuerdo;Totalmente de acuerdo;Totalmente de acuerdo;Totalmente de acuerdo;De acuerdo;De acuerdo;De acuerdo;Totalmente de acuerdo;Totalmente de acuerdo;Totalmente de acuerdo
ID-090;Ciencias médicas y de la salud;22;50;Masculino;Hombre;Pública;De acuerdo;De acuerdo;De acuerdo;De acuerdo;De acuerdo;En desacuerdo;Neutral;De acuerdo;De acuerdo;De acuerdo;De acuerdo;De acuerdo;De acuerdo;De acuerdo;De acuerdo;De acuerdo;De acuerdo;De acuerdo;De acuerdo;De acuerdo;De acuerdo;De acuerdo;En desacuerdo;De acuerdo;De acuerdo
ID-091;Ciencias médicas y de la salud;14;45;Masculino;Hombre;Pública;De acuerdo;De acuerdo;De acuerdo;De acuerdo;De acuerdo;Totalmente de acuerdo;Totalmente de acuerdo;Totalmente de acuerdo;Totalmente de acuerdo;Neutral;Neutral;Neutral;De acuerdo;Totalmente de acuerdo;Totalmente de acuerdo;Totalmente de acuerdo;Totalmente de acuerdo;Totalmente de acuerdo;Totalmente de acuerdo;Neutral;De acuerdo;Neutral;De acuerdo;Neutral;Totalmente de acuerdo
ID-092;Ciencias médicas y de la salud;20;52;Femenino;Mujer;Pública;De acuerdo;De acuerdo;De acuerdo;Neutral;Totalmente de acuerdo;Totalmente de acuerdo;Totalmente de acuerdo;Totalmente de acuerdo;Totalmente de acuerdo;De acuerdo;De acuerdo;De acuerdo;Neutral;Totalmente de acuerdo;Totalmente de acuerdo;Totalmente de acuerdo;Totalmente de acuerdo;Totalmente de acuerdo;Totalmente de acuerdo;Totalmente en desacuerdo;De acuerdo;Neutral;Totalmente de acuerdo;De acuerdo;De acuerdo
ID-093;Ciencias médicas y de la salud;21;49;Femenino;Mujer;Pública;En desacuerdo;En desacuerdo;En desacuerdo;En desacuerdo;De acuerdo;De acuerdo;De acuerdo;De acuerdo;De acuerdo;De acuerdo;De acuerdo;Neutral;De acuerdo;De acuerdo;De acuerdo;De acuerdo;Neutral;Neutral;De acuerdo;Totalmente en desacuerdo;De acuerdo;Neutral;De acuerdo;De acuerdo;De acuerdo
ID-094;Ciencias médicas y de la salud;28;56;Femenino;Mujer;Privada;Totalmente en desacuerdo;Totalmente en desacuerdo;Totalmente en desacuerdo;Totalmente en desacuerdo;Totalmente en desacuerdo;En desacuerdo;En desacuerdo;En desacuerdo;En desacuerdo;Totalmente en desacuerdo;Totalmente en desacuerdo;Totalmente en desacuerdo;Totalmente en desacuerdo;Totalmente en desacuerdo;Totalmente en desacuerdo;Totalmente en desacuerdo;Totalmente en desacuerdo;Totalmente en desacuerdo;Totalmente en desacuerdo;Totalmente en desacuerdo;Totalmente en desacuerdo;Totalmente en desacuerdo;Totalmente en desacuerdo;Totalmente en desacuerdo;Totalmente en desacuerdo
ID-095;Ciencias médicas y de la salud;7;38;Femenino;Mujer;Pública;Totalmente de acuerdo;En desacuerdo;En desacuerdo;En desacuerdo;De acuerdo;De acuerdo;De acuerdo;De acuerdo;De acuerdo;En desacuerdo;De acuerdo;De acuerdo;De acuerdo;Neutral;En desacuerdo;De acuerdo;De acuerdo;De acuerdo;De acuerdo;En desacuerdo;De acuerdo;De acuerdo;De acuerdo;Neutral;Totalmente de acuerdo
ID-096;Ciencias médicas y de la salud;6;42;Femenino;Mujer;Pública;Neutral;Neutral;Neutral;De acuerdo;De acuerdo;De acuerdo;De acuerdo;De acuerdo;De acuerdo;De acuerdo;Neutral;De acuerdo;De acuerdo;De acuerdo;De acuerdo;De acuerdo;Neutral;De acuerdo;De acuerdo;En desacuerdo;Neutral;Neutral;De acuerdo;Neutral;De acuerdo
ID-097;Ciencias médicas y de la salud;16;59;Femenino;Mujer;Pública;De acuerdo;Totalmente en desacuerdo;En desacuerdo;Totalmente en desacuerdo;De acuerdo;De acuerdo;De acuerdo;Totalmente de acuerdo;Totalmente de acuerdo;De acuerdo;De acuerdo;De acuerdo;Neutral;Totalmente de acuerdo;Totalmente de acuerdo;Totalmente de acuerdo;De acuerdo;De acuerdo;De acuerdo;En desacuerdo;De acuerdo;De acuerdo;De acuerdo;De acuerdo;De acuerdo
ID-098;Ciencias médicas y de la salud;10;40;Femenino;Mujer;Pública;De acuerdo;De acuerdo;De acuerdo;De acuerdo;Neutral;Totalmente de acuerdo;De acuerdo;De acuerdo;De acuerdo;Totalmente de acuerdo;Totalmente de acuerdo;De acuerdo;De acuerdo;De acuerdo;De acuerdo;De acuerdo;De acuerdo;De acuerdo;De acuerdo;Neutral;De acuerdo;Neutral;De acuerdo;Neutral;De acuerdo
ID-099;Ciencias médicas y de la salud;2;30;Femenino;Mujer;Privada;De acuerdo;De acuerdo;De acuerdo;De acuerdo;De acuerdo;Totalmente de acuerdo;Totalmente de acuerdo;Totalmente de acuerdo;Totalmente de acuerdo;De acuerdo;De acuerdo;De acuerdo;Neutral;Totalmente de acuerdo;De acuerdo;De acuerdo;Totalmente de acuerdo;Totalmente de acuerdo;Totalmente de acuerdo;Neutral;Totalmente de acuerdo;Totalmente de acuerdo;Totalmente de acuerdo;De acuerdo;De acuerdo
ID-100;Ciencias médicas y de la salud;15;44;Femenino;Mujer;Privada;De acuerdo;De acuerdo;De acuerdo;De acuerdo;Totalmente de acuerdo;Neutral;Totalmente de acuerdo;Totalmente de acuerdo;Totalmente de acuerdo;Totalmente de acuerdo;Totalmente de acuerdo;Totalmente de acuerdo;En desacuerdo;Totalmente de acuerdo;Totalmente de acuerdo;Totalmente de acuerdo;Totalmente de acuerdo;Totalmente de acuerdo;Totalmente de acuerdo;De acuerdo;De acuerdo;Totalmente de acuerdo;Neutral;Totalmente de acuerdo;Totalmente de acuerdo
ID-101;Ciencias sociales;16;55;Masculino;Hombre;Privada;De acuerdo;Neutral;De acuerdo;De acuerdo;Neutral;Totalmente en desacuerdo;De acuerdo;De acuerdo;De acuerdo;Neutral;De acuerdo;De acuerdo;De acuerdo;De acuerdo;De acuerdo;De acuerdo;De acuerdo;De acuerdo;De acuerdo;Neutral;De acuerdo;Neutral;Neutral;Neutral;Neutral
ID-102;Ciencias médicas y de la salud;24;54;Femenino;Mujer;Privada;De acuerdo;De acuerdo;De acuerdo;De acuerdo;De acuerdo;De acuerdo;De acuerdo;De acuerdo;De acuerdo;Neutral;Neutral;Neutral;De acuerdo;De acuerdo;De acuerdo;De acuerdo;De acuerdo;De acuerdo;Totalmente de acuerdo;De acuerdo;De acuerdo;Neutral;Totalmente de acuerdo;Neutral;De acuerdo
ID-103;Ciencias sociales;18;56;Femenino;Mujer;Privada;De acuerdo;De acuerdo;De acuerdo;De acuerdo;De acuerdo;Totalmente de acuerdo;De acuerdo;Totalmente de acuerdo;Totalmente de acuerdo;Neutral;Neutral;En desacuerdo;Totalmente de acuerdo;Neutral;Neutral;Totalmente de acuerdo;Neutral;Neutral;Neutral;Totalmente en desacuerdo;De acuerdo;Neutral;De acuerdo;De acuerdo;Totalmente de acuerdo
ID-104;Ingeniería y tecnología;1;31;Masculino;Hombre;Privada;De acuerdo;De acuerdo;De acuerdo;Neutral;Totalmente de acuerdo;Totalmente de acuerdo;De acuerdo;Totalmente de acuerdo;Totalmente de acuerdo;Totalmente en desacuerdo;Totalmente en desacuerdo;Totalmente de acuerdo;De acuerdo;Totalmente en desacuerdo;Totalmente de acuerdo;Totalmente de acuerdo;Totalmente de acuerdo;De acuerdo;De acuerdo;Neutral;Totalmente de acuerdo;Totalmente de acuerdo;Neutral;Totalmente en desacuerdo;Totalmente de acuerdo
ID-105;Ciencias médicas y de la salud;3;36;Femenino;Mujer;Privada;Neutral;Neutral;Neutral;Neutral;De acuerdo;De acuerdo;De acuerdo;De acuerdo;De acuerdo;Totalmente de acuerdo;Totalmente de acuerdo;Totalmente de acuerdo;Totalmente de acuerdo;Totalmente de acuerdo;Totalmente de acuerdo;Totalmente de acuerdo;Totalmente de acuerdo;Totalmente de acuerdo;Totalmente de acuerdo;Neutral;Neutral;Neutral;Neutral;De acuerdo;De acuerdo
ID-106;Humanidades;15;39;Femenino;Mujer;Privada;Neutral;Neutral;Neutral;Neutral;Totalmente de acuerdo;Totalmente de acuerdo;Totalmente de acuerdo;Totalmente de acuerdo;Totalmente de acuerdo;De acuerdo;Neutral;De acuerdo;Neutral;Totalmente de acuerdo;Totalmente de acuerdo;Totalmente de acuerdo;Totalmente de acuerdo;Totalmente de acuerdo;Totalmente de acuerdo;En desacuerdo;Totalmente de acuerdo;Neutral;De acuerdo;De acuerdo;Totalmente de acuerdo
ID-107;Humanidades;18;56;Femenino;Mujer;Privada;En desacuerdo;En desacuerdo;Neutral;Neutral;Neutral;De acuerdo;De acuerdo;De acuerdo;De acuerdo;En desacuerdo;En desacuerdo;Neutral;Neutral;De acuerdo;De acuerdo;Totalmente de acuerdo;Neutral;De acuerdo;De acuerdo;Totalmente en desacuerdo;Neutral;Neutral;De acuerdo;Neutral;De acuerdo
ID-108;Ciencias médicas y de la salud;10;29;Femenino;Mujer;Privada;De acuerdo;De acuerdo;De acuerdo;De acuerdo;Totalmente de acuerdo;De acuerdo;Neutral;De acuerdo;Totalmente de acuerdo;De acuerdo;De acuerdo;Totalmente de acuerdo;De acuerdo;Totalmente de acuerdo;Totalmente de acuerdo;Totalmente de acuerdo;Neutral;Totalmente de acuerdo;Totalmente de acuerdo;De acuerdo;De acuerdo;Totalmente de acuerdo;De acuerdo;Totalmente de acuerdo;Totalmente de acuerdo
ID-109;Ciencias médicas y de la salud;10;29;Femenino;Mujer;Privada;De acuerdo;De acuerdo;De acuerdo;De acuerdo;De acuerdo;Neutral;De acuerdo;De acuerdo;De acuerdo;De acuerdo;De acuerdo;De acuerdo;De acuerdo;Totalmente de acuerdo;De acuerdo;De acuerdo;Neutral;De acuerdo;De acuerdo;De acuerdo;De acuerdo;De acuerdo;Neutral;De acuerdo;De acuerdo
ID-110;Ciencias médicas y de la salud;8;45;Masculino;Hombre;Privada;Totalmente en desacuerdo;Totalmente en desacuerdo;Totalmente en desacuerdo;Totalmente en desacuerdo;Totalmente en desacuerdo;Totalmente en desacuerdo;Totalmente en desacuerdo;Totalmente en desacuerdo;Totalmente en desacuerdo;Totalmente en desacuerdo;Totalmente en desacuerdo;En desacuerdo;Totalmente en desacuerdo;Totalmente en desacuerdo;En desacuerdo;Totalmente en desacuerdo;Totalmente en desacuerdo;En desacuerdo;En desacuerdo;Totalmente en desacuerdo;Totalmente en desacuerdo;En desacuerdo;En desacuerdo;Totalmente en desacuerdo;En desacuerdo
ID-111;Ciencias sociales;8;32;Femenino;Mujer;Privada;De acuerdo;De acuerdo;De acuerdo;De acuerdo;De acuerdo;De acuerdo;En desacuerdo;Neutral;Totalmente de acuerdo;Totalmente de acuerdo;Totalmente de acuerdo;Totalmente de acuerdo;De acuerdo;Totalmente de acuerdo;Totalmente de acuerdo;Totalmente de acuerdo;Totalmente de acuerdo;Totalmente de acuerdo;De acuerdo;De acuerdo;De acuerdo;Totalmente de acuerdo;Totalmente de acuerdo;De acuerdo;Totalmente de acuerdo
ID-112;Humanidades;8;50;Masculino;Hombre;Privada;De acuerdo;Neutral;Neutral;De acuerdo;Neutral;De acuerdo;Neutral;De acuerdo;Totalmente de acuerdo;Totalmente de acuerdo;Totalmente de acuerdo;De acuerdo;Neutral;Totalmente de acuerdo;Totalmente de acuerdo;Totalmente de acuerdo;Totalmente de acuerdo;Totalmente de acuerdo;Totalmente de acuerdo;En desacuerdo;Totalmente de acuerdo;Totalmente de acuerdo;Neutral;Totalmente de acuerdo;Totalmente de acuerdo
ID-113;Ciencias médicas y de la salud;6;41;Femenino;Mujer;Privada;Neutral;De acuerdo;De acuerdo;De acuerdo;De acuerdo;De acuerdo;De acuerdo;De acuerdo;Neutral;Neutral;De acuerdo;Neutral;Neutral;Neutral;Neutral;Neutral;De acuerdo;De acuerdo;De acuerdo;Neutral;De acuerdo;Neutral;Neutral;Neutral;Neutral
ID-114;Ciencias médicas y de la salud;30;64;Femenino;Mujer;Privada;De acuerdo;De acuerdo;De acuerdo;En desacuerdo;Totalmente de acuerdo;Totalmente de acuerdo;Neutral;De acuerdo;Totalmente de acuerdo;Totalmente de acuerdo;Totalmente de acuerdo;De acuerdo;Neutral;Totalmente de acuerdo;Totalmente de acuerdo;De acuerdo;Totalmente de acuerdo;Totalmente de acuerdo;Totalmente de acuerdo;Neutral;De acuerdo;De acuerdo;Totalmente de acuerdo;Totalmente de acuerdo;Totalmente de acuerdo
ID-115;Ciencias médicas y de la salud;11;40;Femenino;Mujer;Pública;En desacuerdo;Neutral;Neutral;Neutral;De acuerdo;De acuerdo;De acuerdo;De acuerdo;Totalmente de acuerdo;De acuerdo;Neutral;Neutral;Neutral;De acuerdo;De acuerdo;Totalmente de acuerdo;Neutral;De acuerdo;De acuerdo;Totalmente en desacuerdo;De acuerdo;De acuerdo;De acuerdo;De acuerdo;De acuerdo
ID-116;Ciencias médicas y de la salud;10;33;Femenino;Mujer;Privada;De acuerdo;De acuerdo;Neutral;De acuerdo;De acuerdo;De acuerdo;De acuerdo;De acuerdo;Totalmente de acuerdo;De acuerdo;De acuerdo;De acuerdo;En desacuerdo;Totalmente de acuerdo;De acuerdo;De acuerdo;De acuerdo;Totalmente de acuerdo;De acuerdo;Totalmente de acuerdo;De acuerdo;Neutral;Totalmente de acuerdo;De acuerdo;De acuerdo
ID-117;Ciencias médicas y de la salud;8;33;Femenino;Mujer;Privada;De acuerdo;De acuerdo;De acuerdo;De acuerdo;Neutral;Neutral;Neutral;Neutral;Neutral;En desacuerdo;Neutral;Neutral;Neutral;Neutral;Neutral;De acuerdo;Neutral;De acuerdo;De acuerdo;En desacuerdo;De acuerdo;De acuerdo;Neutral;De acuerdo;De acuerdo
ID-118;Ciencias médicas y de la salud;26;50;Femenino;Mujer;Privada;Totalmente de acuerdo;De acuerdo;De acuerdo;De acuerdo;De acuerdo;De acuerdo;De acuerdo;En desacuerdo;Totalmente de acuerdo;Totalmente de acuerdo;De acuerdo;Neutral;En desacuerdo;Totalmente de acuerdo;Totalmente de acuerdo;Totalmente de acuerdo;Totalmente de acuerdo;Totalmente de acuerdo;Totalmente de acuerdo;Totalmente de acuerdo;Totalmente de acuerdo;Totalmente de acuerdo;Totalmente de acuerdo;Totalmente de acuerdo;Totalmente de acuerdo
ID-119;Ciencias médicas y de la salud;7;36;Femenino;Mujer;Privada;Totalmente de acuerdo;Totalmente de acuerdo;Totalmente de acuerdo;Totalmente de acuerdo;De acuerdo;De acuerdo;De acuerdo;De acuerdo;De acuerdo;Totalmente de acuerdo;Totalmente de acuerdo;Totalmente de acuerdo;De acuerdo;Totalmente de acuerdo;Totalmente de acuerdo;Totalmente de acuerdo;Totalmente de acuerdo;Totalmente de acuerdo;Totalmente de acuerdo;Totalmente de acuerdo;Totalmente de acuerdo;Totalmente de acuerdo;De acuerdo;Totalmente en desacuerdo;Totalmente en desacuerdo
ID-120;Ciencias médicas y de la salud;25;52;Femenino;Mujer;Privada;De acuerdo;Neutral;De acuerdo;Neutral;Neutral;De acuerdo;De acuerdo;De acuerdo;De acuerdo;En desacuerdo;Neutral;Neutral;Neutral;De acuerdo;Neutral;Totalmente de acuerdo;Neutral;De acuerdo;Neutral;Totalmente en desacuerdo;Neutral;Neutral;De acuerdo;En desacuerdo;De acuerdo
ID-121;Ciencias médicas y de la salud;2;32;Femenino;Mujer;Privada;De acuerdo;De acuerdo;De acuerdo;Neutral;Neutral;De acuerdo;Neutral;De acuerdo;De acuerdo;Totalmente de acuerdo;Totalmente de acuerdo;Totalmente de acuerdo;Neutral;Totalmente de acuerdo;Totalmente de acuerdo;Totalmente de acuerdo;Totalmente de acuerdo;Totalmente de acuerdo;Totalmente de acuerdo;Totalmente de acuerdo;Totalmente de acuerdo;Totalmente de acuerdo;Totalmente de acuerdo;Totalmente de acuerdo;Totalmente de acuerdo
ID-122;Ciencias médicas y de la salud;23;48;Femenino;Mujer;Privada;De acuerdo;De acuerdo;De acuerdo;Totalmente de acuerdo;Neutral;De acuerdo;De acuerdo;De acuerdo;De acuerdo;De acuerdo;De acuerdo;Neutral;Totalmente en desacuerdo;De acuerdo;De acuerdo;De acuerdo;Totalmente de acuerdo;Totalmente de acuerdo;Totalmente de acuerdo;De acuerdo;De acuerdo;De acuerdo;Neutral;De acuerdo;De acuerdo
ID-123;Ciencias médicas y de la salud;23;65;Femenino;Mujer;Privada;De acuerdo;De acuerdo;De acuerdo;De acuerdo;De acuerdo;De acuerdo;Neutral;De acuerdo;De acuerdo;Neutral;De acuerdo;Neutral;De acuerdo;De acuerdo;De acuerdo;De acuerdo;De acuerdo;De acuerdo;De acuerdo;Neutral;De acuerdo;Neutral;De acuerdo;De acuerdo;De acuerdo
ID-124;Ciencias médicas y de la salud;2;28;Femenino;Mujer;Privada;De acuerdo;Neutral;Neutral;De acuerdo;En desacuerdo;En desacuerdo;De acuerdo;Neutral;Totalmente de acuerdo;Totalmente de acuerdo;Totalmente de acuerdo;Totalmente de acuerdo;Neutral;Totalmente de acuerdo;Totalmente de acuerdo;Totalmente de acuerdo;Neutral;De acuerdo;De acuerdo;Totalmente de acuerdo;Totalmente de acuerdo;Totalmente de acuerdo;Totalmente de acuerdo;Totalmente de acuerdo;Totalmente de acuerdo
ID-125;Ciencias médicas y de la salud;18;59;Masculino;Hombre;Privada;De acuerdo;De acuerdo;De acuerdo;De acuerdo;Totalmente de acuerdo;Totalmente de acuerdo;De acuerdo;De acuerdo;Totalmente de acuerdo;De acuerdo;De acuerdo;De acuerdo;De acuerdo;De acuerdo;Totalmente de acuerdo;De acuerdo;Totalmente de acuerdo;Totalmente de acuerdo;Totalmente de acuerdo;De acuerdo;Totalmente de acuerdo;De acuerdo;Totalmente de acuerdo;De acuerdo;De acuerdo
ID-126;Ciencias médicas y de la salud;25;53;Femenino;Mujer;Privada;Neutral;De acuerdo;De acuerdo;De acuerdo;Neutral;De acuerdo;De acuerdo;De acuerdo;De acuerdo;Neutral;De acuerdo;De acuerdo;De acuerdo;Totalmente de acuerdo;De acuerdo;Totalmente de acuerdo;Neutral;De acuerdo;De acuerdo;De acuerdo;De acuerdo;De acuerdo;De acuerdo;Neutral;De acuerdo
ID-127;Ciencias médicas y de la salud;5;32;Femenino;Mujer;Privada;Neutral;De acuerdo;Neutral;De acuerdo;Neutral;Neutral;Neutral;Neutral;De acuerdo;De acuerdo;Neutral;Neutral;Neutral;De acuerdo;De acuerdo;De acuerdo;Neutral;De acuerdo;De acuerdo;En desacuerdo;Neutral;Neutral;Neutral;Neutral;De acuerdo
ID-128;Ciencias médicas y de la salud;12;42;Femenino;Mujer;Privada;Totalmente de acuerdo;Totalmente de acuerdo;Totalmente de acuerdo;Totalmente de acuerdo;De acuerdo;En desacuerdo;En desacuerdo;En desacuerdo;En desacuerdo;De acuerdo;Totalmente de acuerdo;Totalmente de acuerdo;En desacuerdo;Totalmente de acuerdo;Totalmente de acuerdo;Totalmente de acuerdo;En desacuerdo;De acuerdo;Totalmente de acuerdo;Totalmente de acuerdo;De acuerdo;De acuerdo;En desacuerdo;De acuerdo;Totalmente de acuerdo
ID-129;Ciencias médicas y de la salud;17;43;Femenino;Mujer;Pública;En desacuerdo;En desacuerdo;En desacuerdo;En desacuerdo;Totalmente de acuerdo;Totalmente de acuerdo;Neutral;De acuerdo;Totalmente de acuerdo;De acuerdo;De acuerdo;Neutral;Neutral;Totalmente de acuerdo;Totalmente de acuerdo;Totalmente de acuerdo;Totalmente de acuerdo;Totalmente de acuerdo;Totalmente de acuerdo;En desacuerdo;Totalmente de acuerdo;De acuerdo;En desacuerdo;Totalmente de acuerdo;Totalmente de acuerdo
ID-130;Ingeniería y tecnología;5;39;Masculino;Hombre;Privada;Totalmente de acuerdo;Totalmente de acuerdo;Totalmente de acuerdo;Totalmente de acuerdo;Totalmente de acuerdo;Totalmente de acuerdo;Totalmente de acuerdo;Totalmente de acuerdo;Totalmente de acuerdo;Totalmente de acuerdo;Totalmente de acuerdo;Totalmente de acuerdo;Totalmente de acuerdo;Totalmente de acuerdo;Totalmente de acuerdo;Totalmente de acuerdo;Totalmente de acuerdo;Totalmente de acuerdo;Totalmente de acuerdo;Totalmente de acuerdo;Totalmente de acuerdo;Totalmente de acuerdo;Totalmente de acuerdo;Totalmente de acuerdo;Totalmente de acuerdo
ID-131;Ciencias médicas y de la salud;6;37;Masculino;Hombre;Pública;Totalmente en desacuerdo;Totalmente en desacuerdo;Totalmente en desacuerdo;Totalmente en desacuerdo;Totalmente en desacuerdo;Totalmente en desacuerdo;Totalmente en desacuerdo;Totalmente en desacuerdo;Totalmente en desacuerdo;Totalmente en desacuerdo;Totalmente en desacuerdo;Totalmente en desacuerdo;Totalmente en desacuerdo;De acuerdo;De acuerdo;De acuerdo;Totalmente de acuerdo;Totalmente de acuerdo;Totalmente de acuerdo;Totalmente en desacuerdo;Totalmente de acuerdo;Totalmente de acuerdo;Totalmente de acuerdo;Totalmente de acuerdo;Totalmente de acuerdo
ID-132;Humanidades;18;47;Femenino;Mujer;Privada;Neutral;Neutral;De acuerdo;Neutral;De acuerdo;De acuerdo;De acuerdo;De acuerdo;De acuerdo;Neutral;Neutral;Neutral;Neutral;Neutral;Neutral;Neutral;Neutral;Neutral;Neutral;Neutral;Neutral;Neutral;Neutral;Neutral;Neutral
ID-133;Ciencias médicas y de la salud;9;40;Femenino;Mujer;Privada;De acuerdo;Neutral;De acuerdo;Neutral;De acuerdo;De acuerdo;Neutral;De acuerdo;Totalmente de acuerdo;De acuerdo;De acuerdo;De acuerdo;Neutral;De acuerdo;Neutral;De acuerdo;De acuerdo;De acuerdo;De acuerdo;De acuerdo;De acuerdo;De acuerdo;De acuerdo;De acuerdo;De acuerdo
ID-134;Ciencias médicas y de la salud;23;51;Femenino;Mujer;Privada;Neutral;Neutral;Neutral;Neutral;De acuerdo;De acuerdo;De acuerdo;De acuerdo;De acuerdo;Totalmente en desacuerdo;Totalmente en desacuerdo;Totalmente en desacuerdo;De acuerdo;En desacuerdo;Totalmente en desacuerdo;De acuerdo;Neutral;De acuerdo;De acuerdo;En desacuerdo;En desacuerdo;En desacuerdo;En desacuerdo;Totalmente en desacuerdo;De acuerdo
ID-135;Humanidades;26;58;Masculino;Hombre;Privada;Neutral;Neutral;De acuerdo;De acuerdo;De acuerdo;De acuerdo;De acuerdo;De acuerdo;De acuerdo;De acuerdo;De acuerdo;De acuerdo;De acuerdo;De acuerdo;Neutral;De acuerdo;De acuerdo;De acuerdo;De acuerdo;Neutral;Neutral;Neutral;Neutral;De acuerdo;De acuerdo
ID-136;Ciencias médicas y de la salud;4;32;Masculino;Hombre;Privada;De acuerdo;Neutral;Neutral;Neutral;Neutral;En desacuerdo;En desacuerdo;Neutral;De acuerdo;De acuerdo;Totalmente de acuerdo;Totalmente de acuerdo;Neutral;Totalmente de acuerdo;Totalmente de acuerdo;Totalmente de acuerdo;Totalmente de acuerdo;Totalmente de acuerdo;Totalmente de acuerdo;Neutral;Totalmente de acuerdo;Totalmente de acuerdo;Totalmente de acuerdo;Totalmente de acuerdo;Totalmente de acuerdo
ID-137;Humanidades;4;41;Masculino;Hombre;Privada;Totalmente en desacuerdo;Totalmente en desacuerdo;Totalmente en desacuerdo;Totalmente en desacuerdo;Totalmente en desacuerdo;Totalmente en desacuerdo;Totalmente en desacuerdo;Totalmente en desacuerdo;Totalmente en desacuerdo;Totalmente en desacuerdo;Totalmente en desacuerdo;Totalmente en desacuerdo;Totalmente en desacuerdo;Totalmente en desacuerdo;Totalmente en desacuerdo;Totalmente en desacuerdo;Totalmente en desacuerdo;Totalmente en desacuerdo;Totalmente en desacuerdo;Totalmente en desacuerdo;Totalmente en desacuerdo;Totalmente en desacuerdo;Totalmente en desacuerdo;Totalmente en desacuerdo;Totalmente en desacuerdo
ID-138;Ciencias sociales;9;39;Femenino;Mujer;Pública;De acuerdo;De acuerdo;De acuerdo;De acuerdo;Totalmente de acuerdo;Totalmente de acuerdo;De acuerdo;De acuerdo;De acuerdo;Neutral;Neutral;Neutral;De acuerdo;De acuerdo;De acuerdo;Totalmente de acuerdo;De acuerdo;De acuerdo;Totalmente de acuerdo;En desacuerdo;De acuerdo;Neutral;Totalmente de acuerdo;Neutral;De acuerdo
ID-139;Ciencias médicas y de la salud;6;50;Masculino;Hombre;Privada;De acuerdo;Neutral;De acuerdo;En desacuerdo;Totalmente de acuerdo;Totalmente de acuerdo;De acuerdo;De acuerdo;Totalmente de acuerdo;De acuerdo;Neutral;En desacuerdo;Neutral;Totalmente de acuerdo;Totalmente de acuerdo;Totalmente de acuerdo;Totalmente de acuerdo;En desacuerdo;Totalmente de acuerdo;Neutral;De acuerdo;Neutral;De acuerdo;De acuerdo;Totalmente de acuerdo
ID-140;Ciencias médicas y de la salud;8;35;Femenino;Mujer;Pública;De acuerdo;Neutral;De acuerdo;Neutral;Neutral;Neutral;Neutral;Neutral;Neutral;De acuerdo;De acuerdo;De acuerdo;Neutral;De acuerdo;De acuerdo;De acuerdo;De acuerdo;Neutral;Neutral;Neutral;De acuerdo;Neutral;Neutral;Neutral;Neutral
ID-141;Ciencias médicas y de la salud;9;33;Femenino;Mujer;Privada;De acuerdo;De acuerdo;En desacuerdo;Totalmente en desacuerdo;Totalmente de acuerdo;Totalmente de acuerdo;De acuerdo;De acuerdo;Totalmente de acuerdo;Totalmente en desacuerdo;De acuerdo;En desacuerdo;Totalmente de acuerdo;De acuerdo;De acuerdo;Totalmente de acuerdo;En desacuerdo;Totalmente de acuerdo;Totalmente de acuerdo;De acuerdo;Neutral;De acuerdo;Totalmente de acuerdo;En desacuerdo;Totalmente de acuerdo
ID-142;Ciencias médicas y de la salud;40;60;Masculino;Hombre;Pública;Neutral;Totalmente en desacuerdo;Totalmente en desacuerdo;Totalmente en desacuerdo;Totalmente de acuerdo;Totalmente de acuerdo;Neutral;Neutral;Totalmente de acuerdo;Totalmente de acuerdo;Totalmente de acuerdo;Totalmente de acuerdo;Totalmente de acuerdo;Totalmente de acuerdo;Totalmente de acuerdo;Totalmente de acuerdo;Neutral;De acuerdo;Neutral;Totalmente en desacuerdo;Totalmente de acuerdo;Neutral;Neutral;Totalmente de acuerdo;Totalmente de acuerdo
ID-143;Ciencias médicas y de la salud;5;32;Femenino;Mujer;Privada;Totalmente en desacuerdo;En desacuerdo;En desacuerdo;En desacuerdo;Totalmente en desacuerdo;Totalmente en desacuerdo;Totalmente en desacuerdo;Totalmente en desacuerdo;Totalmente en desacuerdo;Totalmente en desacuerdo;Totalmente en desacuerdo;Totalmente en desacuerdo;Totalmente en desacuerdo;Totalmente en desacuerdo;Totalmente en desacuerdo;Totalmente en desacuerdo;Totalmente en desacuerdo;Totalmente en desacuerdo;Totalmente en desacuerdo;En desacuerdo;Totalmente en desacuerdo;En desacuerdo;Totalmente en desacuerdo;Totalmente en desacuerdo;Totalmente en desacuerdo
ID-144;Ciencias médicas y de la salud;3;28;Femenino;Mujer;Privada;De acuerdo;De acuerdo;En desacuerdo;En desacuerdo;De acuerdo;Neutral;Neutral;Neutral;De acuerdo;En desacuerdo;Neutral;En desacuerdo;Neutral;De acuerdo;Neutral;De acuerdo;Neutral;Neutral;En desacuerdo;Totalmente en desacuerdo;Neutral;Neutral;Neutral;Neutral;De acuerdo
ID-145;Ciencias médicas y de la salud;6;34;Femenino;Mujer;Privada;Neutral;Neutral;Neutral;Neutral;En desacuerdo;Neutral;En desacuerdo;Neutral;De acuerdo;De acuerdo;De acuerdo;De acuerdo;De acuerdo;De acuerdo;De acuerdo;De acuerdo;De acuerdo;De acuerdo;De acuerdo;Neutral;Totalmente de acuerdo;De acuerdo;De acuerdo;Totalmente de acuerdo;De acuerdo
ID-146;Ciencias médicas y de la salud;35;35;Femenino;Mujer;Pública;En desacuerdo;Neutral;Neutral;En desacuerdo;De acuerdo;Totalmente de acuerdo;Neutral;De acuerdo;Totalmente de acuerdo;Neutral;Neutral;Neutral;De acuerdo;De acuerdo;De acuerdo;De acuerdo;De acuerdo;De acuerdo;De acuerdo;Totalmente en desacuerdo;En desacuerdo;En desacuerdo;De acuerdo;De acuerdo;De acuerdo
ID-147;Ciencias médicas y de la salud;30;60;Femenino;Mujer;Privada;De acuerdo;De acuerdo;En desacuerdo;Neutral;En desacuerdo;Neutral;Neutral;De acuerdo;Totalmente de acuerdo;Neutral;De acuerdo;De acuerdo;Neutral;De acuerdo;De acuerdo;De acuerdo;De acuerdo;Neutral;De acuerdo;Neutral;Neutral;Neutral;Neutral;De acuerdo;De acuerdo
ID-148;Ciencias médicas y de la salud;35;59;Femenino;Mujer;Pública;De acuerdo;De acuerdo;De acuerdo;De acuerdo;De acuerdo;De acuerdo;De acuerdo;De acuerdo;Totalmente de acuerdo;De acuerdo;De acuerdo;De acuerdo;De acuerdo;Totalmente de acuerdo;Totalmente de acuerdo;Totalmente de acuerdo;Totalmente de acuerdo;Totalmente de acuerdo;Totalmente de acuerdo;Neutral;De acuerdo;De acuerdo;De acuerdo;De acuerdo;Totalmente de acuerdo
ID-149;Ciencias médicas y de la salud;28;55;Femenino;Mujer;Privada;De acuerdo;De acuerdo;De acuerdo;De acuerdo;De acuerdo;Neutral;En desacuerdo;Neutral;De acuerdo;Totalmente de acuerdo;Totalmente de acuerdo;Totalmente de acuerdo;De acuerdo;Totalmente de acuerdo;Totalmente de acuerdo;Totalmente de acuerdo;Totalmente de acuerdo;Totalmente de acuerdo;Totalmente de acuerdo;Neutral;Totalmente de acuerdo;Totalmente de acuerdo;De acuerdo;Totalmente de acuerdo;Totalmente de acuerdo
ID-150;Ciencias médicas y de la salud;18;48;Femenino;Mujer;Privada;Neutral;Neutral;Neutral;Neutral;De acuerdo;Neutral;Totalmente de acuerdo;Totalmente de acuerdo;Totalmente de acuerdo;En desacuerdo;En desacuerdo;En desacuerdo;En desacuerdo;Neutral;Neutral;Neutral;En desacuerdo;En desacuerdo;En desacuerdo;En desacuerdo;En desacuerdo;En desacuerdo;En desacuerdo;De acuerdo;Neutral
ID-151;Ciencias médicas y de la salud;4;38;Femenino;Mujer;Privada;Neutral;Neutral;Neutral;Neutral;Neutral;Neutral;Neutral;Neutral;Neutral;Totalmente de acuerdo;Totalmente de acuerdo;Totalmente de acuerdo;Totalmente de acuerdo;Totalmente de acuerdo;Totalmente de acuerdo;Totalmente de acuerdo;Totalmente de acuerdo;Totalmente de acuerdo;Totalmente de acuerdo;Totalmente de acuerdo;Totalmente de acuerdo;Totalmente de acuerdo;Totalmente de acuerdo;Totalmente de acuerdo;Totalmente de acuerdo
ID-152;Ciencias médicas y de la salud;1;27;Femenino;Mujer;Privada;Neutral;Neutral;De acuerdo;Neutral;Totalmente de acuerdo;Totalmente de acuerdo;Totalmente de acuerdo;Totalmente de acuerdo;Totalmente de acuerdo;De acuerdo;De acuerdo;De acuerdo;Totalmente de acuerdo;De acuerdo;Totalmente de acuerdo;Totalmente de acuerdo;De acuerdo;Totalmente de acuerdo;Totalmente de acuerdo;En desacuerdo;De acuerdo;En desacuerdo;Totalmente de acuerdo;Totalmente de acuerdo;Totalmente de acuerdo
ID-153;Ciencias médicas y de la salud;30;62;Femenino;Mujer;Privada;De acuerdo;Neutral;De acuerdo;Neutral;De acuerdo;De acuerdo;De acuerdo;De acuerdo;De acuerdo;En desacuerdo;Neutral;Neutral;Neutral;En desacuerdo;Neutral;En desacuerdo;Neutral;Neutral;Neutral;Neutral;Neutral;Neutral;De acuerdo;Neutral;Neutral
ID-154;Ciencias médicas y de la salud;8;31;Masculino;Hombre;Privada;Totalmente de acuerdo;Totalmente de acuerdo;Totalmente de acuerdo;Neutral;Totalmente de acuerdo;Totalmente de acuerdo;Totalmente de acuerdo;De acuerdo;De acuerdo;Totalmente de acuerdo;Totalmente de acuerdo;Totalmente en desacuerdo;Totalmente de acuerdo;De acuerdo;Totalmente de acuerdo;Totalmente de acuerdo;Totalmente en desacuerdo;Totalmente de acuerdo;Totalmente de acuerdo;Totalmente en desacuerdo;Totalmente de acuerdo;Neutral;Totalmente de acuerdo;En desacuerdo;En desacuerdo
ID-155;Ciencias médicas y de la salud;5;47;Femenino;Mujer;Privada;Neutral;Neutral;De acuerdo;De acuerdo;De acuerdo;De acuerdo;De acuerdo;De acuerdo;Neutral;Neutral;De acuerdo;De acuerdo;De acuerdo;Neutral;De acuerdo;De acuerdo;De acuerdo;De acuerdo;De acuerdo;De acuerdo;De acuerdo;De acuerdo;De acuerdo;Neutral;De acuerdo
ID-156;Ciencias sociales;18;41;Masculino;Hombre;Privada;De acuerdo;De acuerdo;De acuerdo;Neutral;De acuerdo;De acuerdo;De acuerdo;De acuerdo;De acuerdo;Neutral;De acuerdo;Neutral;De acuerdo;De acuerdo;De acuerdo;De acuerdo;Neutral;De acuerdo;Neutral;De acuerdo;De acuerdo;De acuerdo;De acuerdo;Neutral;De acuerdo
ID-157;Ciencias médicas y de la salud;6;40;Masculino;Hombre;Pública;De acuerdo;De acuerdo;De acuerdo;De acuerdo;De acuerdo;Neutral;Neutral;De acuerdo;De acuerdo;De acuerdo;De acuerdo;De acuerdo;Neutral;De acuerdo;De acuerdo;De acuerdo;De acuerdo;De acuerdo;De acuerdo;Neutral;De acuerdo;De acuerdo;De acuerdo;De acuerdo;De acuerdo
ID-158;Ciencias médicas y de la salud;28;52;Femenino;Mujer;Pública;De acuerdo;Neutral;De acuerdo;De acuerdo;De acuerdo;De acuerdo;De acuerdo;De acuerdo;De acuerdo;De acuerdo;De acuerdo;De acuerdo;Neutral;Totalmente de acuerdo;Totalmente de acuerdo;Totalmente de acuerdo;Totalmente de acuerdo;Totalmente de acuerdo;Totalmente de acuerdo;Totalmente en desacuerdo;De acuerdo;Totalmente de acuerdo;De acuerdo;Totalmente de acuerdo;Totalmente de acuerdo
ID-159;Ciencias médicas y de la salud;29;58;Femenino;Mujer;Pública;Neutral;Neutral;De acuerdo;En desacuerdo;En desacuerdo;En desacuerdo;En desacuerdo;De acuerdo;De acuerdo;Totalmente de acuerdo;De acuerdo;Totalmente de acuerdo;Totalmente de acuerdo;Totalmente de acuerdo;Totalmente de acuerdo;Totalmente de acuerdo;Totalmente de acuerdo;Totalmente de acuerdo;Totalmente de acuerdo;En desacuerdo;Totalmente de acuerdo;Neutral;Neutral;Neutral;Neutral
ID-160;Ciencias médicas y de la salud;30;60;Femenino;Mujer;Pública;Totalmente de acuerdo;De acuerdo;Neutral;Totalmente de acuerdo;Totalmente de acuerdo;Totalmente de acuerdo;Totalmente de acuerdo;Totalmente de acuerdo;Totalmente de acuerdo;Totalmente de acuerdo;Totalmente de acuerdo;Totalmente de acuerdo;De acuerdo;De acuerdo;Totalmente de acuerdo;Totalmente de acuerdo;De acuerdo;Totalmente de acuerdo;Totalmente de acuerdo;Totalmente de acuerdo;Totalmente de acuerdo;Totalmente de acuerdo;Totalmente de acuerdo;Totalmente de acuerdo;Totalmente de acuerdo
ID-161;Humanidades;6;29;Femenino;Mujer;Pública;Totalmente de acuerdo;Totalmente de acuerdo;Totalmente de acuerdo;Totalmente de acuerdo;Neutral;Neutral;En desacuerdo;Neutral;De acuerdo;Totalmente de acuerdo;Totalmente de acuerdo;Totalmente de acuerdo;Totalmente de acuerdo;Totalmente de acuerdo;Totalmente de acuerdo;Totalmente de acuerdo;Totalmente de acuerdo;Totalmente de acuerdo;Totalmente de acuerdo;Totalmente de acuerdo;Totalmente de acuerdo;Totalmente de acuerdo;Totalmente de acuerdo;Totalmente de acuerdo;Totalmente de acuerdo
ID-162;Ciencias médicas y de la salud;3;38;Femenino;Mujer;Privada;En desacuerdo;En desacuerdo;En desacuerdo;En desacuerdo;De acuerdo;De acuerdo;De acuerdo;De acuerdo;Totalmente de acuerdo;De acuerdo;De acuerdo;De acuerdo;Neutral;De acuerdo;Totalmente de acuerdo;Totalmente de acuerdo;Totalmente de acuerdo;Totalmente de acuerdo;Totalmente de acuerdo;Totalmente en desacuerdo;De acuerdo;De acuerdo;Neutral;Neutral;De acuerdo
ID-163;Ingeniería y tecnología;9;53;Femenino;Mujer;Privada;Totalmente en desacuerdo;En desacuerdo;Totalmente en desacuerdo;Totalmente en desacuerdo;De acuerdo;De acuerdo;De acuerdo;De acuerdo;De acuerdo;De acuerdo;De acuerdo;De acuerdo;De acuerdo;De acuerdo;De acuerdo;De acuerdo;De acuerdo;De acuerdo;De acuerdo;En desacuerdo;De acuerdo;De acuerdo;De acuerdo;De acuerdo;De acuerdo
ID-164;Ciencias sociales;26;64;Femenino;Mujer;Pública;Totalmente de acuerdo;De acuerdo;De acuerdo;Neutral;Totalmente de acuerdo;Totalmente en desacuerdo;De acuerdo;De acuerdo;De acuerdo;Totalmente de acuerdo;Totalmente de acuerdo;Totalmente de acuerdo;De acuerdo;Totalmente de acuerdo;Totalmente de acuerdo;Totalmente de acuerdo;Totalmente de acuerdo;Totalmente de acuerdo;Totalmente de acuerdo;Totalmente en desacuerdo;Totalmente de acuerdo;Totalmente de acuerdo;De acuerdo;En desacuerdo;De acuerdo
ID-165;Ciencias sociales;20;68;Masculino;Hombre;Privada;En desacuerdo;De acuerdo;Neutral;Neutral;De acuerdo;De acuerdo;De acuerdo;De acuerdo;Totalmente de acuerdo;De acuerdo;De acuerdo;De acuerdo;Neutral;De acuerdo;De acuerdo;De acuerdo;De acuerdo;De acuerdo;De acuerdo;Neutral;Neutral;Neutral;De acuerdo;De acuerdo;De acuerdo
ID-166;Ingeniería y tecnología;14;50;Masculino;Hombre;Pública;Totalmente de acuerdo;Totalmente de acuerdo;Totalmente de acuerdo;Totalmente de acuerdo;Totalmente de acuerdo;Totalmente de acuerdo;Neutral;Neutral;Neutral;Totalmente de acuerdo;Totalmente de acuerdo;Totalmente de acuerdo;Neutral;Totalmente de acuerdo;Totalmente de acuerdo;De acuerdo;Totalmente de acuerdo;En desacuerdo;Totalmente de acuerdo;Totalmente de acuerdo;Totalmente de acuerdo;Totalmente de acuerdo;Neutral;Totalmente de acuerdo;Totalmente de acuerdo
ID-167;Ingeniería y tecnología;10;44;Femenino;Mujer;Privada;De acuerdo;De acuerdo;Neutral;Neutral;De acuerdo;De acuerdo;De acuerdo;De acuerdo;De acuerdo;De acuerdo;Totalmente de acuerdo;Totalmente de acuerdo;De acuerdo;Totalmente de acuerdo;Totalmente de acuerdo;Totalmente de acuerdo;De acuerdo;De acuerdo;Neutral;De acuerdo;De acuerdo;Totalmente de acuerdo;De acuerdo;Neutral;De acuerdo
ID-168;Ciencias sociales;25;49;Femenino;Mujer;Privada;Neutral;Neutral;Neutral;Neutral;De acuerdo;De acuerdo;Neutral;De acuerdo;De acuerdo;Neutral;Neutral;Neutral;De acuerdo;De acuerdo;De acuerdo;De acuerdo;Neutral;Neutral;Neutral;Neutral;De acuerdo;Neutral;De acuerdo;De acuerdo;De acuerdo
ID-169;Ciencias médicas y de la salud;35;59;Femenino;Mujer;Privada;Neutral;Neutral;Neutral;Neutral;De acuerdo;De acuerdo;De acuerdo;De acuerdo;De acuerdo;De acuerdo;De acuerdo;De acuerdo;De acuerdo;De acuerdo;De acuerdo;De acuerdo;De acuerdo;De acuerdo;De acuerdo;De acuerdo;De acuerdo;De acuerdo;De acuerdo;De acuerdo;De acuerdo
ID-170;Ciencias médicas y de la salud;2;32;Femenino;Mujer;Privada;Totalmente de acuerdo;De acuerdo;De acuerdo;De acuerdo;De acuerdo;De acuerdo;Neutral;De acuerdo;Neutral;De acuerdo;Totalmente de acuerdo;Totalmente de acuerdo;Neutral;Totalmente de acuerdo;De acuerdo;Totalmente de acuerdo;Neutral;En desacuerdo;Neutral;Totalmente en desacuerdo;De acuerdo;De acuerdo;Neutral;De acuerdo;De acuerdo
ID-171;Ciencias sociales;7;57;Femenino;Mujer;Privada;De acuerdo;De acuerdo;De acuerdo;Neutral;De acuerdo;De acuerdo;De acuerdo;De acuerdo;De acuerdo;De acuerdo;De acuerdo;De acuerdo;Totalmente de acuerdo;Totalmente de acuerdo;Totalmente de acuerdo;Totalmente de acuerdo;De acuerdo;De acuerdo;Totalmente de acuerdo;Neutral;De acuerdo;De acuerdo;De acuerdo;De acuerdo;De acuerdo
ID-172;Ciencias médicas y de la salud;14;43;Femenino;Mujer;Privada;De acuerdo;De acuerdo;Neutral;De acuerdo;De acuerdo;Neutral;De acuerdo;De acuerdo;De acuerdo;De acuerdo;De acuerdo;De acuerdo;De acuerdo;De acuerdo;De acuerdo;De acuerdo;De acuerdo;De acuerdo;De acuerdo;Neutral;De acuerdo;Neutral;Neutral;De acuerdo;De acuerdo
ID-173;Ciencias sociales;8;32;Masculino;Hombre;Privada;Neutral;Neutral;Neutral;En desacuerdo;De acuerdo;De acuerdo;Neutral;De acuerdo;Totalmente de acuerdo;Neutral;Neutral;De acuerdo;De acuerdo;Totalmente de acuerdo;Totalmente de acuerdo;De acuerdo;Totalmente de acuerdo;Totalmente de acuerdo;Totalmente de acuerdo;Totalmente en desacuerdo;De acuerdo;De acuerdo;Totalmente de acuerdo;Neutral;Totalmente de acuerdo
ID-174;Ciencias sociales;17;43;Masculino;Hombre;Privada;Neutral;Neutral;Neutral;Neutral;Neutral;Neutral;Neutral;Neutral;Neutral;Totalmente en desacuerdo;Totalmente en desacuerdo;Totalmente en desacuerdo;Totalmente en desacuerdo;Totalmente en desacuerdo;Totalmente en desacuerdo;Totalmente en desacuerdo;Totalmente en desacuerdo;Totalmente en desacuerdo;Totalmente en desacuerdo;Totalmente en desacuerdo;Totalmente en desacuerdo;Totalmente en desacuerdo;Totalmente en desacuerdo;Totalmente en desacuerdo;Totalmente en desacuerdo
ID-175;Ciencias médicas y de la salud;13;43;Femenino;Mujer;Privada;Neutral;Neutral;En desacuerdo;En desacuerdo;De acuerdo;De acuerdo;De acuerdo;De acuerdo;Totalmente de acuerdo;De acuerdo;De acuerdo;De acuerdo;De acuerdo;De acuerdo;De acuerdo;De acuerdo;De acuerdo;De acuerdo;De acuerdo;En desacuerdo;De acuerdo;Neutral;Neutral;Neutral;De acuerdo
ID-176;Ciencias sociales;16;54;Masculino;Hombre;Privada;Totalmente de acuerdo;Totalmente de acuerdo;Totalmente de acuerdo;Totalmente de acuerdo;Totalmente de acuerdo;Totalmente de acuerdo;Totalmente de acuerdo;Totalmente de acuerdo;Totalmente de acuerdo;Totalmente de acuerdo;Totalmente de acuerdo;Totalmente de acuerdo;Totalmente de acuerdo;Totalmente de acuerdo;Totalmente de acuerdo;Totalmente de acuerdo;Totalmente de acuerdo;Totalmente de acuerdo;Totalmente de acuerdo;Totalmente de acuerdo;Totalmente de acuerdo;Totalmente de acuerdo;De acuerdo;Totalmente de acuerdo;Totalmente de acuerdo
ID-177;Humanidades;20;52;Femenino;Mujer;Privada;De acuerdo;De acuerdo;Neutral;De acuerdo;De acuerdo;De acuerdo;Neutral;De acuerdo;De acuerdo;Totalmente de acuerdo;Totalmente de acuerdo;De acuerdo;Neutral;De acuerdo;De acuerdo;De acuerdo;De acuerdo;De acuerdo;Totalmente de acuerdo;De acuerdo;De acuerdo;De acuerdo;De acuerdo;De acuerdo;De acuerdo
ID-178;Ciencias sociales;23;50;Masculino;Hombre;Privada;Totalmente de acuerdo;En desacuerdo;Neutral;Neutral;Totalmente de acuerdo;Totalmente de acuerdo;Totalmente de acuerdo;Totalmente de acuerdo;Totalmente de acuerdo;Neutral;Neutral;Neutral;Neutral;Totalmente de acuerdo;Totalmente de acuerdo;Totalmente de acuerdo;De acuerdo;De acuerdo;De acuerdo;De acuerdo;De acuerdo;Neutral;De acuerdo;De acuerdo;De acuerdo
ID-179;Ingeniería y tecnología;8;40;Femenino;Mujer;Privada;De acuerdo;Neutral;Neutral;De acuerdo;Totalmente de acuerdo;Totalmente de acuerdo;Totalmente de acuerdo;Totalmente de acuerdo;De acuerdo;En desacuerdo;De acuerdo;Neutral;Neutral;De acuerdo;Totalmente de acuerdo;Totalmente de acuerdo;De acuerdo;De acuerdo;De acuerdo;Totalmente de acuerdo;Totalmente de acuerdo;Totalmente de acuerdo;Totalmente de acuerdo;Neutral;De acuerdo
ID-180;Ciencias médicas y de la salud;10;43;Femenino;Mujer;Privada;De acuerdo;Neutral;De acuerdo;De acuerdo;Neutral;De acuerdo;Neutral;De acuerdo;Neutral;Neutral;Neutral;Neutral;Neutral;Neutral;Neutral;De acuerdo;Neutral;Neutral;Neutral;Neutral;Neutral;Neutral;De acuerdo;Neutral;Neutral
ID-181;Ciencias médicas y de la salud;17;55;Femenino;Mujer;Pública;De acuerdo;Neutral;De acuerdo;De acuerdo;Totalmente de acuerdo;De acuerdo;De acuerdo;Totalmente de acuerdo;Totalmente de acuerdo;De acuerdo;De acuerdo;De acuerdo;De acuerdo;Totalmente de acuerdo;Totalmente de acuerdo;Totalmente de acuerdo;De acuerdo;De acuerdo;Totalmente de acuerdo;En desacuerdo;De acuerdo;Neutral;De acuerdo;De acuerdo;De acuerdo
ID-182;Ciencias sociales;24;54;Masculino;Hombre;Privada;De acuerdo;De acuerdo;De acuerdo;De acuerdo;De acuerdo;De acuerdo;De acuerdo;De acuerdo;De acuerdo;Totalmente de acuerdo;Totalmente de acuerdo;Totalmente de acuerdo;De acuerdo;De acuerdo;De acuerdo;De acuerdo;De acuerdo;De acuerdo;De acuerdo;De acuerdo;De acuerdo;De acuerdo;Neutral;De acuerdo;De acuerdo
ID-183;Ciencias médicas y de la salud;9;33;Femenino;Mujer;Privada;De acuerdo;De acuerdo;En desacuerdo;Totalmente en desacuerdo;Totalmente de acuerdo;Totalmente de acuerdo;De acuerdo;De acuerdo;Totalmente de acuerdo;Totalmente en desacuerdo;De acuerdo;En desacuerdo;Totalmente de acuerdo;De acuerdo;De acuerdo;Totalmente de acuerdo;En desacuerdo;Totalmente de acuerdo;Totalmente de acuerdo;De acuerdo;Neutral;De acuerdo;Totalmente de acuerdo;En desacuerdo;Totalmente de acuerdo
ID-184;Ciencias médicas y de la salud;40;60;Masculino;Hombre;Pública;Neutral;Totalmente en desacuerdo;Totalmente en desacuerdo;Totalmente en desacuerdo;Totalmente de acuerdo;Totalmente de acuerdo;Neutral;Neutral;Totalmente de acuerdo;Totalmente de acuerdo;Totalmente de acuerdo;Totalmente de acuerdo;Totalmente de acuerdo;Totalmente de acuerdo;Totalmente de acuerdo;Totalmente de acuerdo;Neutral;De acuerdo;Neutral;Totalmente en desacuerdo;Totalmente de acuerdo;Neutral;Neutral;Totalmente de acuerdo;Totalmente de acuerdo
ID-185;Ciencias médicas y de la salud;5;32;Femenino;Mujer;Privada;Totalmente en desacuerdo;En desacuerdo;En desacuerdo;En desacuerdo;Totalmente en desacuerdo;Totalmente en desacuerdo;Totalmente en desacuerdo;Totalmente en desacuerdo;Totalmente en desacuerdo;Totalmente en desacuerdo;Totalmente en desacuerdo;Totalmente en desacuerdo;Totalmente en desacuerdo;Totalmente en desacuerdo;Totalmente en desacuerdo;Totalmente en desacuerdo;Totalmente en desacuerdo;Totalmente en desacuerdo;Totalmente en desacuerdo;En desacuerdo;Totalmente en desacuerdo;En desacuerdo;Totalmente en desacuerdo;Totalmente en desacuerdo;Totalmente en desacuerdo
ID-186;Ciencias médicas y de la salud;3;28;Femenino;Mujer;Privada;De acuerdo;De acuerdo;En desacuerdo;En desacuerdo;De acuerdo;Neutral;Neutral;Neutral;De acuerdo;En desacuerdo;Neutral;En desacuerdo;Neutral;De acuerdo;Neutral;De acuerdo;Neutral;Neutral;En desacuerdo;Totalmente en desacuerdo;Neutral;Neutral;Neutral;Neutral;De acuerdo
ID-187;Ciencias médicas y de la salud;6;34;Femenino;Mujer;Privada;Neutral;Neutral;Neutral;Neutral;En desacuerdo;Neutral;En desacuerdo;Neutral;De acuerdo;De acuerdo;De acuerdo;De acuerdo;De acuerdo;De acuerdo;De acuerdo;De acuerdo;De acuerdo;De acuerdo;De acuerdo;Neutral;Totalmente de acuerdo;De acuerdo;De acuerdo;Totalmente de acuerdo;De acuerdo
ID-188;Ciencias médicas y de la salud;35;35;Femenino;Mujer;Pública;En desacuerdo;Neutral;Neutral;En desacuerdo;De acuerdo;Totalmente de acuerdo;Neutral;De acuerdo;Totalmente de acuerdo;Neutral;Neutral;Neutral;De acuerdo;De acuerdo;De acuerdo;De acuerdo;De acuerdo;De acuerdo;De acuerdo;Totalmente en desacuerdo;En desacuerdo;En desacuerdo;De acuerdo;De acuerdo;De acuerdo
ID-189;Ciencias médicas y de la salud;30;60;Femenino;Mujer;Privada;De acuerdo;De acuerdo;En desacuerdo;Neutral;En desacuerdo;Neutral;Neutral;De acuerdo;Totalmente de acuerdo;Neutral;De acuerdo;De acuerdo;Neutral;De acuerdo;De acuerdo;De acuerdo;De acuerdo;Neutral;De acuerdo;Neutral;Neutral;Neutral;Neutral;De acuerdo;De acuerdo
ID-190;Ciencias médicas y de la salud;35;59;Femenino;Mujer;Pública;De acuerdo;De acuerdo;De acuerdo;De acuerdo;De acuerdo;De acuerdo;De acuerdo;De acuerdo;Totalmente de acuerdo;De acuerdo;De acuerdo;De acuerdo;De acuerdo;Totalmente de acuerdo;Totalmente de acuerdo;Totalmente de acuerdo;Totalmente de acuerdo;Totalmente de acuerdo;Totalmente de acuerdo;Neutral;De acuerdo;De acuerdo;De acuerdo;De acuerdo;Totalmente de acuerdo
ID-191;Ciencias médicas y de la salud;28;55;Femenino;Mujer;Privada;De acuerdo;De acuerdo;De acuerdo;De acuerdo;De acuerdo;Neutral;En desacuerdo;Neutral;De acuerdo;Totalmente de acuerdo;Totalmente de acuerdo;Totalmente de acuerdo;De acuerdo;Totalmente de acuerdo;Totalmente de acuerdo;Totalmente de acuerdo;Totalmente de acuerdo;Totalmente de acuerdo;Totalmente de acuerdo;Neutral;Totalmente de acuerdo;Totalmente de acuerdo;De acuerdo;Totalmente de acuerdo;Totalmente de acuerdo
ID-192;Ciencias médicas y de la salud;18;48;Femenino;Mujer;Privada;Neutral;Neutral;Neutral;Neutral;De acuerdo;Neutral;Totalmente de acuerdo;Totalmente de acuerdo;Totalmente de acuerdo;En desacuerdo;En desacuerdo;En desacuerdo;En desacuerdo;Neutral;Neutral;Neutral;En desacuerdo;En desacuerdo;En desacuerdo;En desacuerdo;En desacuerdo;En desacuerdo;En desacuerdo;De acuerdo;Neutral
ID-193;Ciencias médicas y de la salud;4;38;Femenino;Mujer;Privada;Neutral;Neutral;Neutral;Neutral;Neutral;Neutral;Neutral;Neutral;Neutral;Totalmente de acuerdo;Totalmente de acuerdo;Totalmente de acuerdo;Totalmente de acuerdo;Totalmente de acuerdo;Totalmente de acuerdo;Totalmente de acuerdo;Totalmente de acuerdo;Totalmente de acuerdo;Totalmente de acuerdo;Totalmente de acuerdo;Totalmente de acuerdo;Totalmente de acuerdo;Totalmente de acuerdo;Totalmente de acuerdo;Totalmente de acuerdo
ID-194;Ciencias médicas y de la salud;1;27;Femenino;Mujer;Privada;Neutral;Neutral;De acuerdo;Neutral;Totalmente de acuerdo;Totalmente de acuerdo;Totalmente de acuerdo;Totalmente de acuerdo;Totalmente de acuerdo;De acuerdo;De acuerdo;De acuerdo;Totalmente de acuerdo;De acuerdo;Totalmente de acuerdo;Totalmente de acuerdo;De acuerdo;Totalmente de acuerdo;Totalmente de acuerdo;En desacuerdo;De acuerdo;En desacuerdo;Totalmente de acuerdo;Totalmente de acuerdo;Totalmente de acuerdo
ID-195;Ciencias médicas y de la salud;30;62;Femenino;Mujer;Privada;De acuerdo;Neutral;De acuerdo;Neutral;De acuerdo;De acuerdo;De acuerdo;De acuerdo;De acuerdo;En desacuerdo;Neutral;Neutral;Neutral;En desacuerdo;Neutral;En desacuerdo;Neutral;Neutral;Neutral;Neutral;Neutral;Neutral;De acuerdo;Neutral;Neutral
ID-196;Ciencias médicas y de la salud;8;31;Masculino;Hombre;Privada;Totalmente de acuerdo;Totalmente de acuerdo;Totalmente de acuerdo;Neutral;Totalmente de acuerdo;Totalmente de acuerdo;Totalmente de acuerdo;De acuerdo;De acuerdo;Totalmente de acuerdo;Totalmente de acuerdo;Totalmente en desacuerdo;Totalmente de acuerdo;De acuerdo;Totalmente de acuerdo;Totalmente de acuerdo;Totalmente en desacuerdo;Totalmente de acuerdo;Totalmente de acuerdo;Totalmente en desacuerdo;Totalmente de acuerdo;Neutral;Totalmente de acuerdo;En desacuerdo;En desacuerdo
ID-197;Ciencias médicas y de la salud;5;47;Femenino;Mujer;Privada;Neutral;Neutral;De acuerdo;De acuerdo;De acuerdo;De acuerdo;De acuerdo;De acuerdo;Neutral;Neutral;De acuerdo;De acuerdo;De acuerdo;Neutral;De acuerdo;De acuerdo;De acuerdo;De acuerdo;De acuerdo;De acuerdo;De acuerdo;De acuerdo;De acuerdo;Neutral;De acuerdo
ID-198;Ciencias sociales;18;41;Masculino;Hombre;Privada;De acuerdo;De acuerdo;De acuerdo;Neutral;De acuerdo;De acuerdo;De acuerdo;De acuerdo;De acuerdo;Neutral;De acuerdo;Neutral;De acuerdo;De acuerdo;De acuerdo;De acuerdo;Neutral;De acuerdo;Neutral;De acuerdo;De acuerdo;De acuerdo;De acuerdo;Neutral;De acuerdo
ID-199;Ciencias médicas y de la salud;6;40;Masculino;Hombre;Pública;De acuerdo;De acuerdo;De acuerdo;De acuerdo;De acuerdo;Neutral;Neutral;De acuerdo;De acuerdo;De acuerdo;De acuerdo;De acuerdo;Neutral;De acuerdo;De acuerdo;De acuerdo;De acuerdo;De acuerdo;De acuerdo;Neutral;De acuerdo;De acuerdo;De acuerdo;De acuerdo;De acuerdo
ID-200;Ciencias médicas y de la salud;28;52;Femenino;Mujer;Pública;De acuerdo;Neutral;De acuerdo;De acuerdo;De acuerdo;De acuerdo;De acuerdo;De acuerdo;De acuerdo;De acuerdo;De acuerdo;De acuerdo;Neutral;Totalmente de acuerdo;Totalmente de acuerdo;Totalmente de acuerdo;Totalmente de acuerdo;Totalmente de acuerdo;Totalmente de acuerdo;Totalmente en desacuerdo;De acuerdo;Totalmente de acuerdo;De acuerdo;Totalmente de acuerdo;Totalmente de acuerdo
ID-201;Ciencias médicas y de la salud;29;58;Femenino;Mujer;Pública;Neutral;Neutral;De acuerdo;En desacuerdo;En desacuerdo;En desacuerdo;En desacuerdo;De acuerdo;De acuerdo;Totalmente de acuerdo;De acuerdo;Totalmente de acuerdo;Totalmente de acuerdo;Totalmente de acuerdo;Totalmente de acuerdo;Totalmente de acuerdo;Totalmente de acuerdo;Totalmente de acuerdo;Totalmente de acuerdo;En desacuerdo;Totalmente de acuerdo;Neutral;Neutral;Neutral;Neutral
ID-202;Ciencias médicas y de la salud;30;60;Femenino;Mujer;Pública;Totalmente de acuerdo;De acuerdo;Neutral;Totalmente de acuerdo;Totalmente de acuerdo;Totalmente de acuerdo;Totalmente de acuerdo;Totalmente de acuerdo;Totalmente de acuerdo;Totalmente de acuerdo;Totalmente de acuerdo;Totalmente de acuerdo;De acuerdo;De acuerdo;Totalmente de acuerdo;Totalmente de acuerdo;De acuerdo;Totalmente de acuerdo;Totalmente de acuerdo;Totalmente de acuerdo;Totalmente de acuerdo;Totalmente de acuerdo;Totalmente de acuerdo;Totalmente de acuerdo;Totalmente de acuerdo
ID-203;Humanidades;6;29;Femenino;Mujer;Pública;Totalmente de acuerdo;Totalmente de acuerdo;Totalmente de acuerdo;Totalmente de acuerdo;Neutral;Neutral;En desacuerdo;Neutral;De acuerdo;Totalmente de acuerdo;Totalmente de acuerdo;Totalmente de acuerdo;Totalmente de acuerdo;Totalmente de acuerdo;Totalmente de acuerdo;Totalmente de acuerdo;Totalmente de acuerdo;Totalmente de acuerdo;Totalmente de acuerdo;Totalmente de acuerdo;Totalmente de acuerdo;Totalmente de acuerdo;Totalmente de acuerdo;Totalmente de acuerdo;Totalmente de acuerdo
ID-204;Ciencias médicas y de la salud;3;38;Femenino;Mujer;Privada;En desacuerdo;En desacuerdo;En desacuerdo;En desacuerdo;De acuerdo;De acuerdo;De acuerdo;De acuerdo;Totalmente de acuerdo;De acuerdo;De acuerdo;De acuerdo;Neutral;De acuerdo;Totalmente de acuerdo;Totalmente de acuerdo;Totalmente de acuerdo;Totalmente de acuerdo;Totalmente de acuerdo;Totalmente en desacuerdo;De acuerdo;De acuerdo;Neutral;Neutral;De acuerdo
ID-205;Ingeniería y tecnología;9;53;Femenino;Mujer;Privada;Totalmente en desacuerdo;En desacuerdo;Totalmente en desacuerdo;Totalmente en desacuerdo;De acuerdo;De acuerdo;De acuerdo;De acuerdo;De acuerdo;De acuerdo;De acuerdo;De acuerdo;De acuerdo;De acuerdo;De acuerdo;De acuerdo;De acuerdo;De acuerdo;De acuerdo;En desacuerdo;De acuerdo;De acuerdo;De acuerdo;De acuerdo;De acuerdo
ID-206;Ciencias sociales;26;64;Femenino;Mujer;Pública;Totalmente de acuerdo;De acuerdo;De acuerdo;Neutral;Totalmente de acuerdo;Totalmente en desacuerdo;De acuerdo;De acuerdo;De acuerdo;Totalmente de acuerdo;Totalmente de acuerdo;Totalmente de acuerdo;De acuerdo;Totalmente de acuerdo;Totalmente de acuerdo;Totalmente de acuerdo;Totalmente de acuerdo;Totalmente de acuerdo;Totalmente de acuerdo;Totalmente en desacuerdo;Totalmente de acuerdo;Totalmente de acuerdo;De acuerdo;En desacuerdo;De acuerdo
ID-207;Ciencias sociales;20;68;Masculino;Hombre;Privada;En desacuerdo;De acuerdo;Neutral;Neutral;De acuerdo;De acuerdo;De acuerdo;De acuerdo;Totalmente de acuerdo;De acuerdo;De acuerdo;De acuerdo;Neutral;De acuerdo;De acuerdo;De acuerdo;De acuerdo;De acuerdo;De acuerdo;Neutral;Neutral;Neutral;De acuerdo;De acuerdo;De acuerdo
ID-208;Ingeniería y tecnología;14;50;Masculino;Hombre;Pública;Totalmente de acuerdo;Totalmente de acuerdo;Totalmente de acuerdo;Totalmente de acuerdo;Totalmente de acuerdo;Totalmente de acuerdo;Neutral;Neutral;Neutral;Totalmente de acuerdo;Totalmente de acuerdo;Totalmente de acuerdo;Neutral;Totalmente de acuerdo;Totalmente de acuerdo;De acuerdo;Totalmente de acuerdo;En desacuerdo;Totalmente de acuerdo;Totalmente de acuerdo;Totalmente de acuerdo;Totalmente de acuerdo;Neutral;Totalmente de acuerdo;Totalmente de acuerdo
ID-209;Ingeniería y tecnología;10;44;Femenino;Mujer;Privada;De acuerdo;De acuerdo;Neutral;Neutral;De acuerdo;De acuerdo;De acuerdo;De acuerdo;De acuerdo;De acuerdo;Totalmente de acuerdo;Totalmente de acuerdo;De acuerdo;Totalmente de acuerdo;Totalmente de acuerdo;Totalmente de acuerdo;De acuerdo;De acuerdo;Neutral;De acuerdo;De acuerdo;Totalmente de acuerdo;De acuerdo;Neutral;De acuerdo
ID-210;Ciencias sociales;25;49;Femenino;Mujer;Privada;Neutral;Neutral;Neutral;Neutral;De acuerdo;De acuerdo;Neutral;De acuerdo;De acuerdo;Neutral;Neutral;Neutral;De acuerdo;De acuerdo;De acuerdo;De acuerdo;Neutral;Neutral;Neutral;Neutral;De acuerdo;Neutral;De acuerdo;De acuerdo;De acuerdo
ID-211;Ciencias médicas y de la salud;35;59;Femenino;Mujer;Privada;Neutral;Neutral;Neutral;Neutral;De acuerdo;De acuerdo;De acuerdo;De acuerdo;De acuerdo;De acuerdo;De acuerdo;De acuerdo;De acuerdo;De acuerdo;De acuerdo;De acuerdo;De acuerdo;De acuerdo;De acuerdo;De acuerdo;De acuerdo;De acuerdo;De acuerdo;De acuerdo;De acuerdo
ID-212;Ciencias médicas y de la salud;2;32;Femenino;Mujer;Privada;Totalmente de acuerdo;De acuerdo;De acuerdo;De acuerdo;De acuerdo;De acuerdo;Neutral;De acuerdo;Neutral;De acuerdo;Totalmente de acuerdo;Totalmente de acuerdo;Neutral;Totalmente de acuerdo;De acuerdo;Totalmente de acuerdo;Neutral;En desacuerdo;Neutral;Totalmente en desacuerdo;De acuerdo;De acuerdo;Neutral;De acuerdo;De acuerdo
ID-213;Ciencias sociales;7;57;Femenino;Mujer;Privada;De acuerdo;De acuerdo;De acuerdo;Neutral;De acuerdo;De acuerdo;De acuerdo;De acuerdo;De acuerdo;De acuerdo;De acuerdo;De acuerdo;Totalmente de acuerdo;Totalmente de acuerdo;Totalmente de acuerdo;Totalmente de acuerdo;De acuerdo;De acuerdo;Totalmente de acuerdo;Neutral;De acuerdo;De acuerdo;De acuerdo;De acuerdo;De acuerdo
ID-214;Ciencias médicas y de la salud;14;43;Femenino;Mujer;Privada;De acuerdo;De acuerdo;Neutral;De acuerdo;De acuerdo;Neutral;De acuerdo;De acuerdo;De acuerdo;De acuerdo;De acuerdo;De acuerdo;De acuerdo;De acuerdo;De acuerdo;De acuerdo;De acuerdo;De acuerdo;De acuerdo;Neutral;De acuerdo;Neutral;Neutral;De acuerdo;De acuerdo
ID-215;Ciencias sociales;8;32;Masculino;Hombre;Privada;Neutral;Neutral;Neutral;En desacuerdo;De acuerdo;De acuerdo;Neutral;De acuerdo;Totalmente de acuerdo;Neutral;Neutral;De acuerdo;De acuerdo;Totalmente de acuerdo;Totalmente de acuerdo;De acuerdo;Totalmente de acuerdo;Totalmente de acuerdo;Totalmente de acuerdo;Totalmente en desacuerdo;De acuerdo;De acuerdo;Totalmente de acuerdo;Neutral;Totalmente de acuerdo
ID-216;Ciencias sociales;17;43;Masculino;Hombre;Privada;Neutral;Neutral;Neutral;Neutral;Neutral;Neutral;Neutral;Neutral;Neutral;Totalmente en desacuerdo;Totalmente en desacuerdo;Totalmente en desacuerdo;Totalmente en desacuerdo;Totalmente en desacuerdo;Totalmente en desacuerdo;Totalmente en desacuerdo;Totalmente en desacuerdo;Totalmente en desacuerdo;Totalmente en desacuerdo;Totalmente en desacuerdo;Totalmente en desacuerdo;Totalmente en desacuerdo;Totalmente en desacuerdo;Totalmente en desacuerdo;Totalmente en desacuerdo
ID-217;Ciencias médicas y de la salud;13;43;Femenino;Mujer;Privada;Neutral;Neutral;En desacuerdo;En desacuerdo;De acuerdo;De acuerdo;De acuerdo;De acuerdo;Totalmente de acuerdo;De acuerdo;De acuerdo;De acuerdo;De acuerdo;De acuerdo;De acuerdo;De acuerdo;De acuerdo;De acuerdo;De acuerdo;En desacuerdo;De acuerdo;Neutral;Neutral;Neutral;De acuerdo
ID-218;Ciencias sociales;16;54;Masculino;Hombre;Privada;Totalmente de acuerdo;Totalmente de acuerdo;Totalmente de acuerdo;Totalmente de acuerdo;Totalmente de acuerdo;Totalmente de acuerdo;Totalmente de acuerdo;Totalmente de acuerdo;Totalmente de acuerdo;Totalmente de acuerdo;Totalmente de acuerdo;Totalmente de acuerdo;Totalmente de acuerdo;Totalmente de acuerdo;Totalmente de acuerdo;Totalmente de acuerdo;Totalmente de acuerdo;Totalmente de acuerdo;Totalmente de acuerdo;Totalmente de acuerdo;Totalmente de acuerdo;Totalmente de acuerdo;De acuerdo;Totalmente de acuerdo;Totalmente de acuerdo
ID-219;Humanidades;20;52;Femenino;Mujer;Privada;De acuerdo;De acuerdo;Neutral;De acuerdo;De acuerdo;De acuerdo;Neutral;De acuerdo;De acuerdo;Totalmente de acuerdo;Totalmente de acuerdo;De acuerdo;Neutral;De acuerdo;De acuerdo;De acuerdo;De acuerdo;De acuerdo;Totalmente de acuerdo;De acuerdo;De acuerdo;De acuerdo;De acuerdo;De acuerdo;De acuerdo
ID-220;Ciencias sociales;23;50;Masculino;Hombre;Privada;Totalmente de acuerdo;En desacuerdo;Neutral;Neutral;Totalmente de acuerdo;Totalmente de acuerdo;Totalmente de acuerdo;Totalmente de acuerdo;Totalmente de acuerdo;Neutral;Neutral;Neutral;Neutral;Totalmente de acuerdo;Totalmente de acuerdo;Totalmente de acuerdo;De acuerdo;De acuerdo;De acuerdo;De acuerdo;De acuerdo;Neutral;De acuerdo;De acuerdo;De acuerdo
ID-221;Ingeniería y tecnología;8;40;Femenino;Mujer;Privada;De acuerdo;Neutral;Neutral;De acuerdo;Totalmente de acuerdo;Totalmente de acuerdo;Totalmente de acuerdo;Totalmente de acuerdo;De acuerdo;En desacuerdo;De acuerdo;Neutral;Neutral;De acuerdo;Totalmente de acuerdo;Totalmente de acuerdo;De acuerdo;De acuerdo;De acuerdo;Totalmente de acuerdo;Totalmente de acuerdo;Totalmente de acuerdo;Totalmente de acuerdo;Neutral;De acuerdo
ID-222;Ciencias médicas y de la salud;10;43;Femenino;Mujer;Privada;De acuerdo;Neutral;De acuerdo;De acuerdo;Neutral;De acuerdo;Neutral;De acuerdo;Neutral;Neutral;Neutral;Neutral;Neutral;Neutral;Neutral;De acuerdo;Neutral;Neutral;Neutral;Neutral;Neutral;Neutral;De acuerdo;Neutral;Neutral
ID-223;Ciencias médicas y de la salud;17;55;Femenino;Mujer;Pública;De acuerdo;Neutral;De acuerdo;De acuerdo;Totalmente de acuerdo;De acuerdo;De acuerdo;Totalmente de acuerdo;Totalmente de acuerdo;De acuerdo;De acuerdo;De acuerdo;De acuerdo;Totalmente de acuerdo;Totalmente de acuerdo;Totalmente de acuerdo;De acuerdo;De acuerdo;Totalmente de acuerdo;En desacuerdo;De acuerdo;Neutral;De acuerdo;De acuerdo;De acuerdo
ID-224;Ciencias sociales;24;54;Masculino;Hombre;Privada;De acuerdo;De acuerdo;De acuerdo;De acuerdo;De acuerdo;De acuerdo;De acuerdo;De acuerdo;De acuerdo;Totalmente de acuerdo;Totalmente de acuerdo;Totalmente de acuerdo;De acuerdo;De acuerdo;De acuerdo;De acuerdo;De acuerdo;De acuerdo;De acuerdo;De acuerdo;De acuerdo;De acuerdo;Neutral;De acuerdo;De acuerdo
ID-225;Ciencias médicas y de la salud;36;60;Masculino;Hombre;Pública;Totalmente de acuerdo;De acuerdo;De acuerdo;De acuerdo;De acuerdo;Neutral;Neutral;Totalmente de acuerdo;Totalmente de acuerdo;Totalmente de acuerdo;Totalmente de acuerdo;Totalmente de acuerdo;Totalmente de acuerdo;De acuerdo;Totalmente de acuerdo;Totalmente de acuerdo;De acuerdo;De acuerdo;De acuerdo;Totalmente de acuerdo;De acuerdo;De acuerdo;Neutral;De acuerdo;De acuerdo
ID-226;Ciencias médicas y de la salud;18;48;Femenino;Mujer;Pública;De acuerdo;Neutral;Neutral;En desacuerdo;De acuerdo;De acuerdo;De acuerdo;Neutral;De acuerdo;De acuerdo;De acuerdo;De acuerdo;Neutral;De acuerdo;De acuerdo;De acuerdo;De acuerdo;De acuerdo;De acuerdo;De acuerdo;De acuerdo;De acuerdo;De acuerdo;Neutral;De acuerdo
ID-227;Ciencias médicas y de la salud;4;34;Femenino;Mujer;Privada;De acuerdo;Neutral;Neutral;Neutral;En desacuerdo;En desacuerdo;En desacuerdo;Neutral;Neutral;De acuerdo;De acuerdo;De acuerdo;De acuerdo;De acuerdo;Neutral;De acuerdo;De acuerdo;De acuerdo;De acuerdo;En desacuerdo;Neutral;De acuerdo;De acuerdo;De acuerdo;De acuerdo
ID-228;Ciencias médicas y de la salud;13;48;Masculino;Mujer;Privada;De acuerdo;De acuerdo;Neutral;Neutral;Totalmente de acuerdo;Totalmente de acuerdo;Neutral;Neutral;Neutral;En desacuerdo;Neutral;Neutral;Neutral;Neutral;Neutral;De acuerdo;Neutral;Neutral;Neutral;Totalmente en desacuerdo;Neutral;Neutral;Neutral;De acuerdo;De acuerdo
ID-229;Ciencias médicas y de la salud;8;41;Femenino;Mujer;Privada;Neutral;De acuerdo;Neutral;De acuerdo;En desacuerdo;Totalmente de acuerdo;Totalmente de acuerdo;De acuerdo;De acuerdo;De acuerdo;De acuerdo;De acuerdo;Neutral;De acuerdo;De acuerdo;De acuerdo;Neutral;De acuerdo;Totalmente de acuerdo;De acuerdo;De acuerdo;De acuerdo;Totalmente de acuerdo;Totalmente de acuerdo;Totalmente de acuerdo
ID-230;Ciencias médicas y de la salud;9;48;Femenino;Mujer;Privada;De acuerdo;De acuerdo;Neutral;De acuerdo;De acuerdo;De acuerdo;De acuerdo;De acuerdo;De acuerdo;De acuerdo;De acuerdo;De acuerdo;De acuerdo;De acuerdo;De acuerdo;De acuerdo;De acuerdo;De acuerdo;De acuerdo;De acuerdo;De acuerdo;De acuerdo;De acuerdo;De acuerdo;De acuerdo
ID-231;Ciencias médicas y de la salud;3;47;Femenino;Mujer;Privada;Totalmente de acuerdo;De acuerdo;De acuerdo;De acuerdo;Totalmente de acuerdo;De acuerdo;De acuerdo;De acuerdo;De acuerdo;Totalmente de acuerdo;Totalmente de acuerdo;Totalmente de acuerdo;De acuerdo;Totalmente de acuerdo;Totalmente de acuerdo;Totalmente de acuerdo;Totalmente de acuerdo;Totalmente de acuerdo;Totalmente de acuerdo;Totalmente de acuerdo;Totalmente de acuerdo;De acuerdo;De acuerdo;Totalmente de acuerdo;Totalmente de acuerdo
ID-232;Ciencias médicas y de la salud;18;42;Femenino;Mujer;Privada;Neutral;Neutral;Neutral;Neutral;De acuerdo;De acuerdo;Neutral;Neutral;De acuerdo;De acuerdo;De acuerdo;De acuerdo;Neutral;Totalmente de acuerdo;De acuerdo;Totalmente de acuerdo;De acuerdo;De acuerdo;De acuerdo;Totalmente en desacuerdo;Neutral;Neutral;Neutral;Neutral;De acuerdo
ID-233;Ingeniería y tecnología;7;31;Femenino;Mujer;Privada;Totalmente de acuerdo;De acuerdo;De acuerdo;De acuerdo;Totalmente de acuerdo;De acuerdo;Neutral;En desacuerdo;Totalmente de acuerdo;Totalmente de acuerdo;Totalmente de acuerdo;Totalmente de acuerdo;Neutral;Totalmente de acuerdo;Totalmente de acuerdo;Totalmente de acuerdo;De acuerdo;De acuerdo;Totalmente de acuerdo;Neutral;De acuerdo;Totalmente de acuerdo;Neutral;Totalmente de acuerdo;Totalmente de acuerdo
ID-234;Ciencias médicas y de la salud;21;51;Femenino;Mujer;Privada;Totalmente de acuerdo;Totalmente de acuerdo;Neutral;Neutral;Neutral;Neutral;Neutral;Neutral;Neutral;Totalmente de acuerdo;Totalmente de acuerdo;Totalmente de acuerdo;Totalmente de acuerdo;Totalmente de acuerdo;Totalmente de acuerdo;Totalmente de acuerdo;De acuerdo;De acuerdo;Totalmente de acuerdo;Neutral;Totalmente de acuerdo;Totalmente de acuerdo;Totalmente de acuerdo;Totalmente de acuerdo;Totalmente de acuerdo
ID-235;Ciencias médicas y de la salud;41;76;Masculino;Hombre;Pública;De acuerdo;De acuerdo;De acuerdo;De acuerdo;Totalmente de acuerdo;De acuerdo;De acuerdo;Totalmente de acuerdo;De acuerdo;De acuerdo;De acuerdo;De acuerdo;De acuerdo;De acuerdo;De acuerdo;De acuerdo;Totalmente de acuerdo;Totalmente de acuerdo;Totalmente de acuerdo;Neutral;De acuerdo;Neutral;De acuerdo;De acuerdo;De acuerdo
ID-236;Ciencias médicas y de la salud;20;52;Masculino;Hombre;Pública;De acuerdo;Neutral;Neutral;Neutral;Totalmente de acuerdo;Totalmente de acuerdo;De acuerdo;Totalmente de acuerdo;Totalmente de acuerdo;De acuerdo;De acuerdo;De acuerdo;Neutral;Totalmente de acuerdo;Totalmente de acuerdo;Totalmente de acuerdo;Totalmente de acuerdo;Totalmente de acuerdo;Totalmente de acuerdo;Totalmente en desacuerdo;De acuerdo;Neutral;De acuerdo;De acuerdo;De acuerdo
ID-237;Ciencias médicas y de la salud;10;44;Femenino;Mujer;Pública;Totalmente de acuerdo;Totalmente de acuerdo;De acuerdo;De acuerdo;Totalmente de acuerdo;Neutral;En desacuerdo;De acuerdo;Totalmente de acuerdo;Totalmente de acuerdo;Totalmente de acuerdo;Totalmente de acuerdo;De acuerdo;Totalmente de acuerdo;De acuerdo;De acuerdo;Totalmente de acuerdo;Totalmente de acuerdo;Totalmente de acuerdo;De acuerdo;Totalmente de acuerdo;Totalmente de acuerdo;En desacuerdo;Totalmente de acuerdo;Totalmente de acuerdo
ID-238;Ciencias médicas y de la salud;15;44;Masculino;Hombre;Pública;De acuerdo;De acuerdo;De acuerdo;De acuerdo;De acuerdo;De acuerdo;De acuerdo;De acuerdo;Totalmente de acuerdo;De acuerdo;De acuerdo;Neutral;Neutral;De acuerdo;De acuerdo;De acuerdo;De acuerdo;De acuerdo;De acuerdo;De acuerdo;De acuerdo;Neutral;De acuerdo;Neutral;Totalmente de acuerdo
ID-239;Ingeniería y tecnología;25;48;Femenino;Mujer;Privada;De acuerdo;En desacuerdo;En desacuerdo;En desacuerdo;De acuerdo;Neutral;Neutral;Neutral;De acuerdo;Neutral;Neutral;Neutral;De acuerdo;De acuerdo;Neutral;De acuerdo;Neutral;De acuerdo;De acuerdo;Neutral;De acuerdo;Neutral;De acuerdo;Neutral;De acuerdo
ID-240;Humanidades;6;48;Femenino;Mujer;Privada;Neutral;Neutral;Neutral;Neutral;Totalmente de acuerdo;De acuerdo;Neutral;Neutral;Totalmente de acuerdo;Totalmente de acuerdo;Totalmente de acuerdo;Totalmente de acuerdo;De acuerdo;Totalmente de acuerdo;Totalmente de acuerdo;Totalmente de acuerdo;Totalmente de acuerdo;Totalmente de acuerdo;Totalmente de acuerdo;Neutral;Totalmente de acuerdo;Totalmente de acuerdo;Totalmente de acuerdo;Totalmente de acuerdo;Totalmente de acuerdo
ID-241;Ingeniería y tecnología;18;51;Femenino;Mujer;Privada;Totalmente de acuerdo;Totalmente de acuerdo;Totalmente de acuerdo;Totalmente de acuerdo;Totalmente de acuerdo;Totalmente de acuerdo;De acuerdo;Totalmente de acuerdo;Totalmente de acuerdo;Totalmente de acuerdo;Totalmente de acuerdo;Totalmente de acuerdo;Neutral;Totalmente de acuerdo;Totalmente de acuerdo;Totalmente de acuerdo;Totalmente de acuerdo;Totalmente de acuerdo;Totalmente de acuerdo;Totalmente de acuerdo;Totalmente de acuerdo;Totalmente de acuerdo;Neutral;Totalmente de acuerdo;Totalmente de acuerdo
ID-242;Ciencias médicas y de la salud;15;52;Femenino;Mujer;Pública;De acuerdo;De acuerdo;De acuerdo;De acuerdo;De acuerdo;Neutral;Totalmente de acuerdo;Totalmente de acuerdo;Totalmente de acuerdo;De acuerdo;De acuerdo;De acuerdo;Neutral;De acuerdo;De acuerdo;De acuerdo;De acuerdo;De acuerdo;De acuerdo;Neutral;De acuerdo;De acuerdo;De acuerdo;De acuerdo;De acuerdo
ID-243;Ciencias agrícolas;20;42;Masculino;Hombre;Privada;Neutral;Neutral;Neutral;Neutral;Neutral;Neutral;Neutral;Neutral;Neutral;Neutral;Neutral;Neutral;Neutral;Neutral;Neutral;Neutral;Neutral;Neutral;Neutral;Neutral;Neutral;Neutral;Neutral;Neutral;Neutral
ID-244;Ingeniería y tecnología;10;54;Femenino;Mujer;Privada;De acuerdo;De acuerdo;De acuerdo;De acuerdo;De acuerdo;De acuerdo;De acuerdo;De acuerdo;De acuerdo;Totalmente de acuerdo;Totalmente de acuerdo;Totalmente de acuerdo;De acuerdo;De acuerdo;De acuerdo;De acuerdo;Totalmente de acuerdo;Totalmente de acuerdo;Totalmente de acuerdo;De acuerdo;De acuerdo;De acuerdo;Totalmente de acuerdo;Totalmente de acuerdo;Totalmente de acuerdo
ID-245;Ciencias médicas y de la salud;22;50;Masculino;Hombre;Pública;De acuerdo;De acuerdo;De acuerdo;De acuerdo;De acuerdo;En desacuerdo;Neutral;De acuerdo;De acuerdo;De acuerdo;De acuerdo;De acuerdo;De acuerdo;De acuerdo;De acuerdo;De acuerdo;De acuerdo;De acuerdo;De acuerdo;De acuerdo;De acuerdo;De acuerdo;En desacuerdo;De acuerdo;De acuerdo
ID-246;Ciencias médicas y de la salud;14;45;Masculino;Hombre;Pública;De acuerdo;De acuerdo;De acuerdo;De acuerdo;De acuerdo;Totalmente de acuerdo;Totalmente de acuerdo;Totalmente de acuerdo;Totalmente de acuerdo;Neutral;Neutral;Neutral;De acuerdo;Totalmente de acuerdo;Totalmente de acuerdo;Totalmente de acuerdo;Totalmente de acuerdo;Totalmente de acuerdo;Totalmente de acuerdo;Neutral;De acuerdo;Neutral;De acuerdo;Neutral;Totalmente de acuerdo
ID-247;Ciencias médicas y de la salud;20;52;Femenino;Mujer;Pública;De acuerdo;De acuerdo;De acuerdo;Neutral;Totalmente de acuerdo;Totalmente de acuerdo;Totalmente de acuerdo;Totalmente de acuerdo;Totalmente de acuerdo;De acuerdo;De acuerdo;De acuerdo;Neutral;Totalmente de acuerdo;Totalmente de acuerdo;Totalmente de acuerdo;Totalmente de acuerdo;Totalmente de acuerdo;Totalmente de acuerdo;Totalmente en desacuerdo;De acuerdo;Neutral;Totalmente de acuerdo;De acuerdo;De acuerdo
ID-248;Ciencias médicas y de la salud;21;49;Femenino;Mujer;Pública;En desacuerdo;En desacuerdo;En desacuerdo;En desacuerdo;De acuerdo;De acuerdo;De acuerdo;De acuerdo;De acuerdo;De acuerdo;De acuerdo;Neutral;De acuerdo;De acuerdo;De acuerdo;De acuerdo;Neutral;Neutral;De acuerdo;Totalmente en desacuerdo;De acuerdo;Neutral;De acuerdo;De acuerdo;De acuerdo
ID-249;Ciencias médicas y de la salud;28;56;Femenino;Mujer;Privada;Totalmente en desacuerdo;Totalmente en desacuerdo;Totalmente en desacuerdo;Totalmente en desacuerdo;Totalmente en desacuerdo;En desacuerdo;En desacuerdo;En desacuerdo;En desacuerdo;Totalmente en desacuerdo;Totalmente en desacuerdo;Totalmente en desacuerdo;Totalmente en desacuerdo;Totalmente en desacuerdo;Totalmente en desacuerdo;Totalmente en desacuerdo;Totalmente en desacuerdo;Totalmente en desacuerdo;Totalmente en desacuerdo;Totalmente en desacuerdo;Totalmente en desacuerdo;Totalmente en desacuerdo;Totalmente en desacuerdo;Totalmente en desacuerdo;Totalmente en desacuerdo
ID-250;Ciencias médicas y de la salud;7;38;Femenino;Mujer;Pública;Totalmente de acuerdo;En desacuerdo;En desacuerdo;En desacuerdo;De acuerdo;De acuerdo;De acuerdo;De acuerdo;De acuerdo;En desacuerdo;De acuerdo;De acuerdo;De acuerdo;Neutral;En desacuerdo;De acuerdo;De acuerdo;De acuerdo;De acuerdo;En desacuerdo;De acuerdo;De acuerdo;De acuerdo;Neutral;Totalmente de acuerdo
ID-251;Ciencias médicas y de la salud;6;42;Femenino;Mujer;Pública;Neutral;Neutral;Neutral;De acuerdo;De acuerdo;De acuerdo;De acuerdo;De acuerdo;De acuerdo;De acuerdo;Neutral;De acuerdo;De acuerdo;De acuerdo;De acuerdo;De acuerdo;Neutral;De acuerdo;De acuerdo;En desacuerdo;Neutral;Neutral;De acuerdo;Neutral;De acuerdo
ID-252;Ciencias médicas y de la salud;16;59;Femenino;Mujer;Pública;De acuerdo;Totalmente en desacuerdo;En desacuerdo;Totalmente en desacuerdo;De acuerdo;De acuerdo;De acuerdo;Totalmente de acuerdo;Totalmente de acuerdo;De acuerdo;De acuerdo;De acuerdo;Neutral;Totalmente de acuerdo;Totalmente de acuerdo;Totalmente de acuerdo;De acuerdo;De acuerdo;De acuerdo;En desacuerdo;De acuerdo;De acuerdo;De acuerdo;De acuerdo;De acuerdo
ID-253;Ciencias médicas y de la salud;10;40;Femenino;Mujer;Pública;De acuerdo;De acuerdo;De acuerdo;De acuerdo;Neutral;Totalmente de acuerdo;De acuerdo;De acuerdo;De acuerdo;Totalmente de acuerdo;Totalmente de acuerdo;De acuerdo;De acuerdo;De acuerdo;De acuerdo;De acuerdo;De acuerdo;De acuerdo;De acuerdo;Neutral;De acuerdo;Neutral;De acuerdo;Neutral;De acuerdo
ID-254;Ciencias médicas y de la salud;2;30;Femenino;Mujer;Privada;De acuerdo;De acuerdo;De acuerdo;De acuerdo;De acuerdo;Totalmente de acuerdo;Totalmente de acuerdo;Totalmente de acuerdo;Totalmente de acuerdo;De acuerdo;De acuerdo;De acuerdo;Neutral;Totalmente de acuerdo;De acuerdo;De acuerdo;Totalmente de acuerdo;Totalmente de acuerdo;Totalmente de acuerdo;Neutral;Totalmente de acuerdo;Totalmente de acuerdo;Totalmente de acuerdo;De acuerdo;De acuerdo
ID-255;Ciencias médicas y de la salud;15;44;Femenino;Mujer;Privada;De acuerdo;De acuerdo;De acuerdo;De acuerdo;Totalmente de acuerdo;Neutral;Totalmente de acuerdo;Totalmente de acuerdo;Totalmente de acuerdo;Totalmente de acuerdo;Totalmente de acuerdo;Totalmente de acuerdo;En desacuerdo;Totalmente de acuerdo;Totalmente de acuerdo;Totalmente de acuerdo;Totalmente de acuerdo;Totalmente de acuerdo;Totalmente de acuerdo;De acuerdo;De acuerdo;Totalmente de acuerdo;Neutral;Totalmente de acuerdo;Totalmente de acuerdo
ID-256;Ciencias sociales;16;55;Masculino;Hombre;Privada;De acuerdo;Neutral;De acuerdo;De acuerdo;Neutral;Totalmente en desacuerdo;De acuerdo;De acuerdo;De acuerdo;Neutral;De acuerdo;De acuerdo;De acuerdo;De acuerdo;De acuerdo;De acuerdo;De acuerdo;De acuerdo;De acuerdo;Neutral;De acuerdo;Neutral;Neutral;Neutral;Neutral
ID-257;Ciencias médicas y de la salud;24;54;Femenino;Mujer;Privada;De acuerdo;De acuerdo;De acuerdo;De acuerdo;De acuerdo;De acuerdo;De acuerdo;De acuerdo;De acuerdo;Neutral;Neutral;Neutral;De acuerdo;De acuerdo;De acuerdo;De acuerdo;De acuerdo;De acuerdo;Totalmente de acuerdo;De acuerdo;De acuerdo;Neutral;Totalmente de acuerdo;Neutral;De acuerdo
ID-258;Ciencias sociales;18;56;Femenino;Mujer;Privada;De acuerdo;De acuerdo;De acuerdo;De acuerdo;De acuerdo;Totalmente de acuerdo;De acuerdo;Totalmente de acuerdo;Totalmente de acuerdo;Neutral;Neutral;En desacuerdo;Totalmente de acuerdo;Neutral;Neutral;Totalmente de acuerdo;Neutral;Neutral;Neutral;Totalmente en desacuerdo;De acuerdo;Neutral;De acuerdo;De acuerdo;Totalmente de acuerdo
ID-259;Ingeniería y tecnología;1;31;Masculino;Hombre;Privada;De acuerdo;De acuerdo;De acuerdo;Neutral;Totalmente de acuerdo;Totalmente de acuerdo;De acuerdo;Totalmente de acuerdo;Totalmente de acuerdo;Totalmente en desacuerdo;Totalmente en desacuerdo;Totalmente de acuerdo;De acuerdo;Totalmente en desacuerdo;Totalmente de acuerdo;Totalmente de acuerdo;Totalmente de acuerdo;De acuerdo;De acuerdo;Neutral;Totalmente de acuerdo;Totalmente de acuerdo;Neutral;Totalmente en desacuerdo;Totalmente de acuerdo
ID-260;Ciencias médicas y de la salud;3;36;Femenino;Mujer;Privada;Neutral;Neutral;Neutral;Neutral;De acuerdo;De acuerdo;De acuerdo;De acuerdo;De acuerdo;Totalmente de acuerdo;Totalmente de acuerdo;Totalmente de acuerdo;Totalmente de acuerdo;Totalmente de acuerdo;Totalmente de acuerdo;Totalmente de acuerdo;Totalmente de acuerdo;Totalmente de acuerdo;Totalmente de acuerdo;Neutral;Neutral;Neutral;Neutral;De acuerdo;De acuerdo
ID-261;Humanidades;15;39;Femenino;Mujer;Privada;Neutral;Neutral;Neutral;Neutral;Totalmente de acuerdo;Totalmente de acuerdo;Totalmente de acuerdo;Totalmente de acuerdo;Totalmente de acuerdo;De acuerdo;Neutral;De acuerdo;Neutral;Totalmente de acuerdo;Totalmente de acuerdo;Totalmente de acuerdo;Totalmente de acuerdo;Totalmente de acuerdo;Totalmente de acuerdo;En desacuerdo;Totalmente de acuerdo;Neutral;De acuerdo;De acuerdo;Totalmente de acuerdo
ID-262;Humanidades;18;56;Femenino;Mujer;Privada;En desacuerdo;En desacuerdo;Neutral;Neutral;Neutral;De acuerdo;De acuerdo;De acuerdo;De acuerdo;En desacuerdo;En desacuerdo;Neutral;Neutral;De acuerdo;De acuerdo;Totalmente de acuerdo;Neutral;De acuerdo;De acuerdo;Totalmente en desacuerdo;Neutral;Neutral;De acuerdo;Neutral;De acuerdo
ID-263;Ciencias médicas y de la salud;10;29;Femenino;Mujer;Privada;De acuerdo;De acuerdo;De acuerdo;De acuerdo;Totalmente de acuerdo;De acuerdo;Neutral;De acuerdo;Totalmente de acuerdo;De acuerdo;De acuerdo;Totalmente de acuerdo;De acuerdo;Totalmente de acuerdo;Totalmente de acuerdo;Totalmente de acuerdo;Neutral;Totalmente de acuerdo;Totalmente de acuerdo;De acuerdo;De acuerdo;Totalmente de acuerdo;De acuerdo;Totalmente de acuerdo;Totalmente de acuerdo
ID-264;Ciencias médicas y de la salud;10;29;Femenino;Mujer;Privada;De acuerdo;De acuerdo;De acuerdo;De acuerdo;De acuerdo;Neutral;De acuerdo;De acuerdo;De acuerdo;De acuerdo;De acuerdo;De acuerdo;De acuerdo;Totalmente de acuerdo;De acuerdo;De acuerdo;Neutral;De acuerdo;De acuerdo;De acuerdo;De acuerdo;De acuerdo;Neutral;De acuerdo;De acuerdo
ID-265;Ciencias médicas y de la salud;8;45;Masculino;Hombre;Privada;Totalmente en desacuerdo;Totalmente en desacuerdo;Totalmente en desacuerdo;Totalmente en desacuerdo;Totalmente en desacuerdo;Totalmente en desacuerdo;Totalmente en desacuerdo;Totalmente en desacuerdo;Totalmente en desacuerdo;Totalmente en desacuerdo;Totalmente en desacuerdo;En desacuerdo;Totalmente en desacuerdo;Totalmente en desacuerdo;En desacuerdo;Totalmente en desacuerdo;Totalmente en desacuerdo;En desacuerdo;En desacuerdo;Totalmente en desacuerdo;Totalmente en desacuerdo;En desacuerdo;En desacuerdo;Totalmente en desacuerdo;En desacuerdo
ID-266;Ciencias sociales;8;32;Femenino;Mujer;Privada;De acuerdo;De acuerdo;De acuerdo;De acuerdo;De acuerdo;De acuerdo;En desacuerdo;Neutral;Totalmente de acuerdo;Totalmente de acuerdo;Totalmente de acuerdo;Totalmente de acuerdo;De acuerdo;Totalmente de acuerdo;Totalmente de acuerdo;Totalmente de acuerdo;Totalmente de acuerdo;Totalmente de acuerdo;De acuerdo;De acuerdo;De acuerdo;Totalmente de acuerdo;Totalmente de acuerdo;De acuerdo;Totalmente de acuerdo
ID-267;Humanidades;8;50;Masculino;Hombre;Privada;De acuerdo;Neutral;Neutral;De acuerdo;Neutral;De acuerdo;Neutral;De acuerdo;Totalmente de acuerdo;Totalmente de acuerdo;Totalmente de acuerdo;De acuerdo;Neutral;Totalmente de acuerdo;Totalmente de acuerdo;Totalmente de acuerdo;Totalmente de acuerdo;Totalmente de acuerdo;Totalmente de acuerdo;En desacuerdo;Totalmente de acuerdo;Totalmente de acuerdo;Neutral;Totalmente de acuerdo;Totalmente de acuerdo
ID-268;Ciencias médicas y de la salud;6;41;Femenino;Mujer;Privada;Neutral;De acuerdo;De acuerdo;De acuerdo;De acuerdo;De acuerdo;De acuerdo;De acuerdo;Neutral;Neutral;De acuerdo;Neutral;Neutral;Neutral;Neutral;Neutral;De acuerdo;De acuerdo;De acuerdo;Neutral;De acuerdo;Neutral;Neutral;Neutral;Neutral
ID-269;Ciencias médicas y de la salud;30;64;Femenino;Mujer;Privada;De acuerdo;De acuerdo;De acuerdo;En desacuerdo;Totalmente de acuerdo;Totalmente de acuerdo;Neutral;De acuerdo;Totalmente de acuerdo;Totalmente de acuerdo;Totalmente de acuerdo;De acuerdo;Neutral;Totalmente de acuerdo;Totalmente de acuerdo;De acuerdo;Totalmente de acuerdo;Totalmente de acuerdo;Totalmente de acuerdo;Neutral;De acuerdo;De acuerdo;Totalmente de acuerdo;Totalmente de acuerdo;Totalmente de acuerdo
ID-270;Ciencias médicas y de la salud;11;40;Femenino;Mujer;Pública;En desacuerdo;Neutral;Neutral;Neutral;De acuerdo;De acuerdo;De acuerdo;De acuerdo;Totalmente de acuerdo;De acuerdo;Neutral;Neutral;Neutral;De acuerdo;De acuerdo;Totalmente de acuerdo;Neutral;De acuerdo;De acuerdo;Totalmente en desacuerdo;De acuerdo;De acuerdo;De acuerdo;De acuerdo;De acuerdo
ID-271;Ciencias médicas y de la salud;10;33;Femenino;Mujer;Privada;De acuerdo;De acuerdo;Neutral;De acuerdo;De acuerdo;De acuerdo;De acuerdo;De acuerdo;Totalmente de acuerdo;De acuerdo;De acuerdo;De acuerdo;En desacuerdo;Totalmente de acuerdo;De acuerdo;De acuerdo;De acuerdo;Totalmente de acuerdo;De acuerdo;Totalmente de acuerdo;De acuerdo;Neutral;Totalmente de acuerdo;De acuerdo;De acuerdo
ID-272;Ciencias médicas y de la salud;8;33;Femenino;Mujer;Privada;De acuerdo;De acuerdo;De acuerdo;De acuerdo;Neutral;Neutral;Neutral;Neutral;Neutral;En desacuerdo;Neutral;Neutral;Neutral;Neutral;Neutral;De acuerdo;Neutral;De acuerdo;De acuerdo;En desacuerdo;De acuerdo;De acuerdo;Neutral;De acuerdo;De acuerdo
ID-273;Ciencias médicas y de la salud;26;50;Femenino;Mujer;Privada;Totalmente de acuerdo;De acuerdo;De acuerdo;De acuerdo;De acuerdo;De acuerdo;De acuerdo;En desacuerdo;Totalmente de acuerdo;Totalmente de acuerdo;De acuerdo;Neutral;En desacuerdo;Totalmente de acuerdo;Totalmente de acuerdo;Totalmente de acuerdo;Totalmente de acuerdo;Totalmente de acuerdo;Totalmente de acuerdo;Totalmente de acuerdo;Totalmente de acuerdo;Totalmente de acuerdo;Totalmente de acuerdo;Totalmente de acuerdo;Totalmente de acuerdo
ID-274;Ciencias médicas y de la salud;7;36;Femenino;Mujer;Privada;Totalmente de acuerdo;Totalmente de acuerdo;Totalmente de acuerdo;Totalmente de acuerdo;De acuerdo;De acuerdo;De acuerdo;De acuerdo;De acuerdo;Totalmente de acuerdo;Totalmente de acuerdo;Totalmente de acuerdo;De acuerdo;Totalmente de acuerdo;Totalmente de acuerdo;Totalmente de acuerdo;Totalmente de acuerdo;Totalmente de acuerdo;Totalmente de acuerdo;Totalmente de acuerdo;Totalmente de acuerdo;Totalmente de acuerdo;De acuerdo;Totalmente en desacuerdo;Totalmente en desacuerdo
ID-275;Ciencias médicas y de la salud;25;52;Femenino;Mujer;Privada;De acuerdo;Neutral;De acuerdo;Neutral;Neutral;De acuerdo;De acuerdo;De acuerdo;De acuerdo;En desacuerdo;Neutral;Neutral;Neutral;De acuerdo;Neutral;Totalmente de acuerdo;Neutral;De acuerdo;Neutral;Totalmente en desacuerdo;Neutral;Neutral;De acuerdo;En desacuerdo;De acuerdo
ID-276;Ciencias médicas y de la salud;2;32;Femenino;Mujer;Privada;De acuerdo;De acuerdo;De acuerdo;Neutral;Neutral;De acuerdo;Neutral;De acuerdo;De acuerdo;Totalmente de acuerdo;Totalmente de acuerdo;Totalmente de acuerdo;Neutral;Totalmente de acuerdo;Totalmente de acuerdo;Totalmente de acuerdo;Totalmente de acuerdo;Totalmente de acuerdo;Totalmente de acuerdo;Totalmente de acuerdo;Totalmente de acuerdo;Totalmente de acuerdo;Totalmente de acuerdo;Totalmente de acuerdo;Totalmente de acuerdo
ID-277;Ciencias médicas y de la salud;23;48;Femenino;Mujer;Privada;De acuerdo;De acuerdo;De acuerdo;Totalmente de acuerdo;Neutral;De acuerdo;De acuerdo;De acuerdo;De acuerdo;De acuerdo;De acuerdo;Neutral;Totalmente en desacuerdo;De acuerdo;De acuerdo;De acuerdo;Totalmente de acuerdo;Totalmente de acuerdo;Totalmente de acuerdo;De acuerdo;De acuerdo;De acuerdo;Neutral;De acuerdo;De acuerdo
ID-278;Ciencias médicas y de la salud;6;34;Femenino;Mujer;Privada;Neutral;Neutral;Neutral;Neutral;En desacuerdo;Neutral;En desacuerdo;Neutral;De acuerdo;De acuerdo;De acuerdo;De acuerdo;De acuerdo;De acuerdo;De acuerdo;De acuerdo;De acuerdo;De acuerdo;De acuerdo;Neutral;Totalmente de acuerdo;De acuerdo;De acuerdo;Totalmente de acuerdo;De acuerdo
ID-279;Ciencias médicas y de la salud;35;35;Femenino;Mujer;Pública;En desacuerdo;Neutral;Neutral;En desacuerdo;De acuerdo;Totalmente de acuerdo;Neutral;De acuerdo;Totalmente de acuerdo;Neutral;Neutral;Neutral;De acuerdo;De acuerdo;De acuerdo;De acuerdo;De acuerdo;De acuerdo;De acuerdo;Totalmente en desacuerdo;En desacuerdo;En desacuerdo;De acuerdo;De acuerdo;De acuerdo
ID-280;Ciencias médicas y de la salud;30;60;Femenino;Mujer;Privada;De acuerdo;De acuerdo;En desacuerdo;Neutral;En desacuerdo;Neutral;Neutral;De acuerdo;Totalmente de acuerdo;Neutral;De acuerdo;De acuerdo;Neutral;De acuerdo;De acuerdo;De acuerdo;De acuerdo;Neutral;De acuerdo;Neutral;Neutral;Neutral;Neutral;De acuerdo;De acuerdo
ID-281;Ciencias médicas y de la salud;35;59;Femenino;Mujer;Pública;De acuerdo;De acuerdo;De acuerdo;De acuerdo;De acuerdo;De acuerdo;De acuerdo;De acuerdo;Totalmente de acuerdo;De acuerdo;De acuerdo;De acuerdo;De acuerdo;Totalmente de acuerdo;Totalmente de acuerdo;Totalmente de acuerdo;Totalmente de acuerdo;Totalmente de acuerdo;Totalmente de acuerdo;Neutral;De acuerdo;De acuerdo;De acuerdo;De acuerdo;Totalmente de acuerdo
ID-282;Ciencias médicas y de la salud;28;55;Femenino;Mujer;Privada;De acuerdo;De acuerdo;De acuerdo;De acuerdo;De acuerdo;Neutral;En desacuerdo;Neutral;De acuerdo;Totalmente de acuerdo;Totalmente de acuerdo;Totalmente de acuerdo;De acuerdo;Totalmente de acuerdo;Totalmente de acuerdo;Totalmente de acuerdo;Totalmente de acuerdo;Totalmente de acuerdo;Totalmente de acuerdo;Neutral;Totalmente de acuerdo;Totalmente de acuerdo;De acuerdo;Totalmente de acuerdo;Totalmente de acuerdo
ID-283;Ciencias médicas y de la salud;18;48;Femenino;Mujer;Privada;Neutral;Neutral;Neutral;Neutral;De acuerdo;Neutral;Totalmente de acuerdo;Totalmente de acuerdo;Totalmente de acuerdo;En desacuerdo;En desacuerdo;En desacuerdo;En desacuerdo;Neutral;Neutral;Neutral;En desacuerdo;En desacuerdo;En desacuerdo;En desacuerdo;En desacuerdo;En desacuerdo;En desacuerdo;De acuerdo;Neutral
ID-284;Ciencias médicas y de la salud;4;38;Femenino;Mujer;Privada;Neutral;Neutral;Neutral;Neutral;Neutral;Neutral;Neutral;Neutral;Neutral;Totalmente de acuerdo;Totalmente de acuerdo;Totalmente de acuerdo;Totalmente de acuerdo;Totalmente de acuerdo;Totalmente de acuerdo;Totalmente de acuerdo;Totalmente de acuerdo;Totalmente de acuerdo;Totalmente de acuerdo;Totalmente de acuerdo;Totalmente de acuerdo;Totalmente de acuerdo;Totalmente de acuerdo;Totalmente de acuerdo;Totalmente de acuerdo
ID-285;Ciencias médicas y de la salud;1;27;Femenino;Mujer;Privada;Neutral;Neutral;De acuerdo;Neutral;Totalmente de acuerdo;Totalmente de acuerdo;Totalmente de acuerdo;Totalmente de acuerdo;Totalmente de acuerdo;De acuerdo;De acuerdo;De acuerdo;Totalmente de acuerdo;De acuerdo;Totalmente de acuerdo;Totalmente de acuerdo;De acuerdo;Totalmente de acuerdo;Totalmente de acuerdo;En desacuerdo;De acuerdo;En desacuerdo;Totalmente de acuerdo;Totalmente de acuerdo;Totalmente de acuerdo
ID-286;Ciencias médicas y de la salud;30;62;Femenino;Mujer;Privada;De acuerdo;Neutral;De acuerdo;Neutral;De acuerdo;De acuerdo;De acuerdo;De acuerdo;De acuerdo;En desacuerdo;Neutral;Neutral;Neutral;En desacuerdo;Neutral;En desacuerdo;Neutral;Neutral;Neutral;Neutral;Neutral;Neutral;De acuerdo;Neutral;Neutral
ID-287;Ciencias médicas y de la salud;8;31;Masculino;Hombre;Privada;Totalmente de acuerdo;Totalmente de acuerdo;Totalmente de acuerdo;Neutral;Totalmente de acuerdo;Totalmente de acuerdo;Totalmente de acuerdo;De acuerdo;De acuerdo;Totalmente de acuerdo;Totalmente de acuerdo;Totalmente en desacuerdo;Totalmente de acuerdo;De acuerdo;Totalmente de acuerdo;Totalmente de acuerdo;Totalmente en desacuerdo;Totalmente de acuerdo;Totalmente de acuerdo;Totalmente en desacuerdo;Totalmente de acuerdo;Neutral;Totalmente de acuerdo;En desacuerdo;En desacuerdo
ID-288;Ciencias médicas y de la salud;5;47;Femenino;Mujer;Privada;Neutral;Neutral;De acuerdo;De acuerdo;De acuerdo;De acuerdo;De acuerdo;De acuerdo;Neutral;Neutral;De acuerdo;De acuerdo;De acuerdo;Neutral;De acuerdo;De acuerdo;De acuerdo;De acuerdo;De acuerdo;De acuerdo;De acuerdo;De acuerdo;De acuerdo;Neutral;De acuerdo
ID-289;Ciencias sociales;18;41;Masculino;Hombre;Privada;De acuerdo;De acuerdo;De acuerdo;Neutral;De acuerdo;De acuerdo;De acuerdo;De acuerdo;De acuerdo;Neutral;De acuerdo;Neutral;De acuerdo;De acuerdo;De acuerdo;De acuerdo;Neutral;De acuerdo;Neutral;De acuerdo;De acuerdo;De acuerdo;De acuerdo;Neutral;De acuerdo
ID-290;Ciencias médicas y de la salud;6;40;Masculino;Hombre;Pública;De acuerdo;De acuerdo;De acuerdo;De acuerdo;De acuerdo;Neutral;Neutral;De acuerdo;De acuerdo;De acuerdo;De acuerdo;De acuerdo;Neutral;De acuerdo;De acuerdo;De acuerdo;De acuerdo;De acuerdo;De acuerdo;Neutral;De acuerdo;De acuerdo;De acuerdo;De acuerdo;De acuerdo
ID-291;Ciencias médicas y de la salud;28;52;Femenino;Mujer;Pública;De acuerdo;Neutral;De acuerdo;De acuerdo;De acuerdo;De acuerdo;De acuerdo;De acuerdo;De acuerdo;De acuerdo;De acuerdo;De acuerdo;Neutral;Totalmente de acuerdo;Totalmente de acuerdo;Totalmente de acuerdo;Totalmente de acuerdo;Totalmente de acuerdo;Totalmente de acuerdo;Totalmente en desacuerdo;De acuerdo;Totalmente de acuerdo;De acuerdo;Totalmente de acuerdo;Totalmente de acuerdo
ID-292;Ciencias médicas y de la salud;29;58;Femenino;Mujer;Pública;Neutral;Neutral;De acuerdo;En desacuerdo;En desacuerdo;En desacuerdo;En desacuerdo;De acuerdo;De acuerdo;Totalmente de acuerdo;De acuerdo;Totalmente de acuerdo;Totalmente de acuerdo;Totalmente de acuerdo;Totalmente de acuerdo;Totalmente de acuerdo;Totalmente de acuerdo;Totalmente de acuerdo;Totalmente de acuerdo;En desacuerdo;Totalmente de acuerdo;Neutral;Neutral;Neutral;Neutral
ID-293;Ciencias médicas y de la salud;30;60;Femenino;Mujer;Pública;Totalmente de acuerdo;De acuerdo;Neutral;Totalmente de acuerdo;Totalmente de acuerdo;Totalmente de acuerdo;Totalmente de acuerdo;Totalmente de acuerdo;Totalmente de acuerdo;Totalmente de acuerdo;Totalmente de acuerdo;Totalmente de acuerdo;De acuerdo;De acuerdo;Totalmente de acuerdo;Totalmente de acuerdo;De acuerdo;Totalmente de acuerdo;Totalmente de acuerdo;Totalmente de acuerdo;Totalmente de acuerdo;Totalmente de acuerdo;Totalmente de acuerdo;Totalmente de acuerdo;Totalmente de acuerdo
ID-294;Humanidades;6;29;Femenino;Mujer;Pública;Totalmente de acuerdo;Totalmente de acuerdo;Totalmente de acuerdo;Totalmente de acuerdo;Neutral;Neutral;En desacuerdo;Neutral;De acuerdo;Totalmente de acuerdo;Totalmente de acuerdo;Totalmente de acuerdo;Totalmente de acuerdo;Totalmente de acuerdo;Totalmente de acuerdo;Totalmente de acuerdo;Totalmente de acuerdo;Totalmente de acuerdo;Totalmente de acuerdo;Totalmente de acuerdo;Totalmente de acuerdo;Totalmente de acuerdo;Totalmente de acuerdo;Totalmente de acuerdo;Totalmente de acuerdo
ID-295;Ciencias médicas y de la salud;3;38;Femenino;Mujer;Privada;En desacuerdo;En desacuerdo;En desacuerdo;En desacuerdo;De acuerdo;De acuerdo;De acuerdo;De acuerdo;Totalmente de acuerdo;De acuerdo;De acuerdo;De acuerdo;Neutral;De acuerdo;Totalmente de acuerdo;Totalmente de acuerdo;Totalmente de acuerdo;Totalmente de acuerdo;Totalmente de acuerdo;Totalmente en desacuerdo;De acuerdo;De acuerdo;Neutral;Neutral;De acuerdo
ID-296;Ingeniería y tecnología;9;53;Femenino;Mujer;Privada;Totalmente en desacuerdo;En desacuerdo;Totalmente en desacuerdo;Totalmente en desacuerdo;De acuerdo;De acuerdo;De acuerdo;De acuerdo;De acuerdo;De acuerdo;De acuerdo;De acuerdo;De acuerdo;De acuerdo;De acuerdo;De acuerdo;De acuerdo;De acuerdo;De acuerdo;En desacuerdo;De acuerdo;De acuerdo;De acuerdo;De acuerdo;De acuerdo
ID-297;Ciencias sociales;26;64;Femenino;Mujer;Pública;Totalmente de acuerdo;De acuerdo;De acuerdo;Neutral;Totalmente de acuerdo;Totalmente en desacuerdo;De acuerdo;De acuerdo;De acuerdo;Totalmente de acuerdo;Totalmente de acuerdo;Totalmente de acuerdo;De acuerdo;Totalmente de acuerdo;Totalmente de acuerdo;Totalmente de acuerdo;Totalmente de acuerdo;Totalmente de acuerdo;Totalmente de acuerdo;Totalmente en desacuerdo;Totalmente de acuerdo;Totalmente de acuerdo;De acuerdo;En desacuerdo;De acuerdo
ID-298;Ciencias sociales;20;68;Masculino;Hombre;Privada;En desacuerdo;De acuerdo;Neutral;Neutral;De acuerdo;De acuerdo;De acuerdo;De acuerdo;Totalmente de acuerdo;De acuerdo;De acuerdo;De acuerdo;Neutral;De acuerdo;De acuerdo;De acuerdo;De acuerdo;De acuerdo;De acuerdo;Neutral;Neutral;Neutral;De acuerdo;De acuerdo;De acuerdo
ID-299;Ingeniería y tecnología;14;50;Masculino;Hombre;Pública;Totalmente de acuerdo;Totalmente de acuerdo;Totalmente de acuerdo;Totalmente de acuerdo;Totalmente de acuerdo;Totalmente de acuerdo;Neutral;Neutral;Neutral;Totalmente de acuerdo;Totalmente de acuerdo;Totalmente de acuerdo;Neutral;Totalmente de acuerdo;Totalmente de acuerdo;De acuerdo;Totalmente de acuerdo;En desacuerdo;Totalmente de acuerdo;Totalmente de acuerdo;Totalmente de acuerdo;Totalmente de acuerdo;Neutral;Totalmente de acuerdo;Totalmente de acuerdo
ID-300;Ingeniería y tecnología;10;44;Femenino;Mujer;Privada;De acuerdo;De acuerdo;Neutral;Neutral;De acuerdo;De acuerdo;De acuerdo;De acuerdo;De acuerdo;De acuerdo;Totalmente de acuerdo;Totalmente de acuerdo;De acuerdo;Totalmente de acuerdo;Totalmente de acuerdo;Totalmente de acuerdo;De acuerdo;De acuerdo;Neutral;De acuerdo;De acuerdo;Totalmente de acuerdo;De acuerdo;Neutral;De acuerdo
ID-301;Ciencias sociales;25;49;Femenino;Mujer;Privada;Neutral;Neutral;Neutral;Neutral;De acuerdo;De acuerdo;Neutral;De acuerdo;De acuerdo;Neutral;Neutral;Neutral;De acuerdo;De acuerdo;De acuerdo;De acuerdo;Neutral;Neutral;Neutral;Neutral;De acuerdo;Neutral;De acuerdo;De acuerdo;De acuerdo
ID-302;Ciencias médicas y de la salud;35;59;Femenino;Mujer;Privada;Neutral;Neutral;Neutral;Neutral;De acuerdo;De acuerdo;De acuerdo;De acuerdo;De acuerdo;De acuerdo;De acuerdo;De acuerdo;De acuerdo;De acuerdo;De acuerdo;De acuerdo;De acuerdo;De acuerdo;De acuerdo;De acuerdo;De acuerdo;De acuerdo;De acuerdo;De acuerdo;De acuerdo
ID-303;Ciencias médicas y de la salud;2;32;Femenino;Mujer;Privada;Totalmente de acuerdo;De acuerdo;De acuerdo;De acuerdo;De acuerdo;De acuerdo;Neutral;De acuerdo;Neutral;De acuerdo;Totalmente de acuerdo;Totalmente de acuerdo;Neutral;Totalmente de acuerdo;De acuerdo;Totalmente de acuerdo;Neutral;En desacuerdo;Neutral;Totalmente en desacuerdo;De acuerdo;De acuerdo;Neutral;De acuerdo;De acuerdo
ID-304;Ciencias sociales;7;57;Femenino;Mujer;Privada;De acuerdo;De acuerdo;De acuerdo;Neutral;De acuerdo;De acuerdo;De acuerdo;De acuerdo;De acuerdo;De acuerdo;De acuerdo;De acuerdo;Totalmente de acuerdo;Totalmente de acuerdo;Totalmente de acuerdo;Totalmente de acuerdo;De acuerdo;De acuerdo;Totalmente de acuerdo;Neutral;De acuerdo;De acuerdo;De acuerdo;De acuerdo;De acuerdo
ID-305;Ciencias médicas y de la salud;14;43;Femenino;Mujer;Privada;De acuerdo;De acuerdo;Neutral;De acuerdo;De acuerdo;Neutral;De acuerdo;De acuerdo;De acuerdo;De acuerdo;De acuerdo;De acuerdo;De acuerdo;De acuerdo;De acuerdo;De acuerdo;De acuerdo;De acuerdo;De acuerdo;Neutral;De acuerdo;Neutral;Neutral;De acuerdo;De acuerdo
ID-306;Ciencias sociales;8;32;Masculino;Hombre;Privada;Neutral;Neutral;Neutral;En desacuerdo;De acuerdo;De acuerdo;Neutral;De acuerdo;Totalmente de acuerdo;Neutral;Neutral;De acuerdo;De acuerdo;Totalmente de acuerdo;Totalmente de acuerdo;De acuerdo;Totalmente de acuerdo;Totalmente de acuerdo;Totalmente de acuerdo;Totalmente en desacuerdo;De acuerdo;De acuerdo;Totalmente de acuerdo;Neutral;Totalmente de acuerdo
ID-307;Ciencias sociales;17;43;Masculino;Hombre;Privada;Neutral;Neutral;Neutral;Neutral;Neutral;Neutral;Neutral;Neutral;Neutral;Totalmente en desacuerdo;Totalmente en desacuerdo;Totalmente en desacuerdo;Totalmente en desacuerdo;Totalmente en desacuerdo;Totalmente en desacuerdo;Totalmente en desacuerdo;Totalmente en desacuerdo;Totalmente en desacuerdo;Totalmente en desacuerdo;Totalmente en desacuerdo;Totalmente en desacuerdo;Totalmente en desacuerdo;Totalmente en desacuerdo;Totalmente en desacuerdo;Totalmente en desacuerdo
ID-308;Ciencias médicas y de la salud;13;43;Femenino;Mujer;Privada;Neutral;Neutral;En desacuerdo;En desacuerdo;De acuerdo;De acuerdo;De acuerdo;De acuerdo;Totalmente de acuerdo;De acuerdo;De acuerdo;De acuerdo;De acuerdo;De acuerdo;De acuerdo;De acuerdo;De acuerdo;De acuerdo;De acuerdo;En desacuerdo;De acuerdo;Neutral;Neutral;Neutral;De acuerdo
ID-309;Ciencias sociales;16;54;Masculino;Hombre;Privada;Totalmente de acuerdo;Totalmente de acuerdo;Totalmente de acuerdo;Totalmente de acuerdo;Totalmente de acuerdo;Totalmente de acuerdo;Totalmente de acuerdo;Totalmente de acuerdo;Totalmente de acuerdo;Totalmente de acuerdo;Totalmente de acuerdo;Totalmente de acuerdo;Totalmente de acuerdo;Totalmente de acuerdo;Totalmente de acuerdo;Totalmente de acuerdo;Totalmente de acuerdo;Totalmente de acuerdo;Totalmente de acuerdo;Totalmente de acuerdo;Totalmente de acuerdo;Totalmente de acuerdo;De acuerdo;Totalmente de acuerdo;Totalmente de acuerdo
ID-310;Humanidades;20;52;Femenino;Mujer;Privada;De acuerdo;De acuerdo;Neutral;De acuerdo;De acuerdo;De acuerdo;Neutral;De acuerdo;De acuerdo;Totalmente de acuerdo;Totalmente de acuerdo;De acuerdo;Neutral;De acuerdo;De acuerdo;De acuerdo;De acuerdo;De acuerdo;Totalmente de acuerdo;De acuerdo;De acuerdo;De acuerdo;De acuerdo;De acuerdo;De acuerdo
ID-311;Ciencias sociales;23;50;Masculino;Hombre;Privada;Totalmente de acuerdo;En desacuerdo;Neutral;Neutral;Totalmente de acuerdo;Totalmente de acuerdo;Totalmente de acuerdo;Totalmente de acuerdo;Totalmente de acuerdo;Neutral;Neutral;Neutral;Neutral;Totalmente de acuerdo;Totalmente de acuerdo;Totalmente de acuerdo;De acuerdo;De acuerdo;De acuerdo;De acuerdo;De acuerdo;Neutral;De acuerdo;De acuerdo;De acuerdo
ID-312;Ingeniería y tecnología;8;40;Femenino;Mujer;Privada;De acuerdo;Neutral;Neutral;De acuerdo;Totalmente de acuerdo;Totalmente de acuerdo;Totalmente de acuerdo;Totalmente de acuerdo;De acuerdo;En desacuerdo;De acuerdo;Neutral;Neutral;De acuerdo;Totalmente de acuerdo;Totalmente de acuerdo;De acuerdo;De acuerdo;De acuerdo;Totalmente de acuerdo;Totalmente de acuerdo;Totalmente de acuerdo;Totalmente de acuerdo;Neutral;De acuerdo
ID-313;Ciencias médicas y de la salud;10;43;Femenino;Mujer;Privada;De acuerdo;Neutral;De acuerdo;De acuerdo;Neutral;De acuerdo;Neutral;De acuerdo;Neutral;Neutral;Neutral;Neutral;Neutral;Neutral;Neutral;De acuerdo;Neutral;Neutral;Neutral;Neutral;Neutral;Neutral;De acuerdo;Neutral;Neutral
ID-314;Ciencias médicas y de la salud;17;55;Femenino;Mujer;Pública;De acuerdo;Neutral;De acuerdo;De acuerdo;Totalmente de acuerdo;De acuerdo;De acuerdo;Totalmente de acuerdo;Totalmente de acuerdo;De acuerdo;De acuerdo;De acuerdo;De acuerdo;Totalmente de acuerdo;Totalmente de acuerdo;Totalmente de acuerdo;De acuerdo;De acuerdo;Totalmente de acuerdo;En desacuerdo;De acuerdo;Neutral;De acuerdo;De acuerdo;De acuerdo
ID-315;Ciencias sociales;24;54;Masculino;Hombre;Privada;De acuerdo;De acuerdo;De acuerdo;De acuerdo;De acuerdo;De acuerdo;De acuerdo;De acuerdo;De acuerdo;Totalmente de acuerdo;Totalmente de acuerdo;Totalmente de acuerdo;De acuerdo;De acuerdo;De acuerdo;De acuerdo;De acuerdo;De acuerdo;De acuerdo;De acuerdo;De acuerdo;De acuerdo;Neutral;De acuerdo;De acuerdo
ID-316;Ciencias médicas y de la salud;36;60;Masculino;Hombre;Pública;Totalmente de acuerdo;De acuerdo;De acuerdo;De acuerdo;De acuerdo;Neutral;Neutral;Totalmente de acuerdo;Totalmente de acuerdo;Totalmente de acuerdo;Totalmente de acuerdo;Totalmente de acuerdo;Totalmente de acuerdo;De acuerdo;Totalmente de acuerdo;Totalmente de acuerdo;De acuerdo;De acuerdo;De acuerdo;Totalmente de acuerdo;De acuerdo;De acuerdo;Neutral;De acuerdo;De acuerdo
ID-317;Ciencias médicas y de la salud;18;48;Femenino;Mujer;Pública;De acuerdo;Neutral;Neutral;En desacuerdo;De acuerdo;De acuerdo;De acuerdo;Neutral;De acuerdo;De acuerdo;De acuerdo;De acuerdo;Neutral;De acuerdo;De acuerdo;De acuerdo;De acuerdo;De acuerdo;De acuerdo;De acuerdo;De acuerdo;De acuerdo;De acuerdo;Neutral;De acuerdo
ID-318;Ciencias médicas y de la salud;4;34;Femenino;Mujer;Privada;De acuerdo;Neutral;Neutral;Neutral;En desacuerdo;En desacuerdo;En desacuerdo;Neutral;Neutral;De acuerdo;De acuerdo;De acuerdo;De acuerdo;De acuerdo;Neutral;De acuerdo;De acuerdo;De acuerdo;De acuerdo;En desacuerdo;Neutral;De acuerdo;De acuerdo;De acuerdo;De acuerdo
ID-319;Ciencias médicas y de la salud;13;48;Masculino;Mujer;Privada;De acuerdo;De acuerdo;Neutral;Neutral;Totalmente de acuerdo;Totalmente de acuerdo;Neutral;Neutral;Neutral;En desacuerdo;Neutral;Neutral;Neutral;Neutral;Neutral;De acuerdo;Neutral;Neutral;Neutral;Totalmente en desacuerdo;Neutral;Neutral;Neutral;De acuerdo;De acuerdo
ID-320;Ciencias médicas y de la salud;8;41;Femenino;Mujer;Privada;Neutral;De acuerdo;Neutral;De acuerdo;En desacuerdo;Totalmente de acuerdo;Totalmente de acuerdo;De acuerdo;De acuerdo;De acuerdo;De acuerdo;De acuerdo;Neutral;De acuerdo;De acuerdo;De acuerdo;Neutral;De acuerdo;Totalmente de acuerdo;De acuerdo;De acuerdo;De acuerdo;Totalmente de acuerdo;Totalmente de acuerdo;Totalmente de acuerdo
ID-321;Ciencias médicas y de la salud;9;48;Femenino;Mujer;Privada;De acuerdo;De acuerdo;Neutral;De acuerdo;De acuerdo;De acuerdo;De acuerdo;De acuerdo;De acuerdo;De acuerdo;De acuerdo;De acuerdo;De acuerdo;De acuerdo;De acuerdo;De acuerdo;De acuerdo;De acuerdo;De acuerdo;De acuerdo;De acuerdo;De acuerdo;De acuerdo;De acuerdo;De acuerdo
ID-322;Ciencias médicas y de la salud;3;47;Femenino;Mujer;Privada;Totalmente de acuerdo;De acuerdo;De acuerdo;De acuerdo;Totalmente de acuerdo;De acuerdo;De acuerdo;De acuerdo;De acuerdo;Totalmente de acuerdo;Totalmente de acuerdo;Totalmente de acuerdo;De acuerdo;Totalmente de acuerdo;Totalmente de acuerdo;Totalmente de acuerdo;Totalmente de acuerdo;Totalmente de acuerdo;Totalmente de acuerdo;Totalmente de acuerdo;Totalmente de acuerdo;De acuerdo;De acuerdo;Totalmente de acuerdo;Totalmente de acuerdo
ID-323;Ciencias médicas y de la salud;18;42;Femenino;Mujer;Privada;Neutral;Neutral;Neutral;Neutral;De acuerdo;De acuerdo;Neutral;Neutral;De acuerdo;De acuerdo;De acuerdo;De acuerdo;Neutral;Totalmente de acuerdo;De acuerdo;Totalmente de acuerdo;De acuerdo;De acuerdo;De acuerdo;Totalmente en desacuerdo;Neutral;Neutral;Neutral;Neutral;De acuerdo
ID-324;Ingeniería y tecnología;7;31;Femenino;Mujer;Privada;Totalmente de acuerdo;De acuerdo;De acuerdo;De acuerdo;Totalmente de acuerdo;De acuerdo;Neutral;En desacuerdo;Totalmente de acuerdo;Totalmente de acuerdo;Totalmente de acuerdo;Totalmente de acuerdo;Neutral;Totalmente de acuerdo;Totalmente de acuerdo;Totalmente de acuerdo;De acuerdo;De acuerdo;Totalmente de acuerdo;Neutral;De acuerdo;Totalmente de acuerdo;Neutral;Totalmente de acuerdo;Totalmente de acuerdo
ID-325;Ciencias médicas y de la salud;21;51;Femenino;Mujer;Privada;Totalmente de acuerdo;Totalmente de acuerdo;Neutral;Neutral;Neutral;Neutral;Neutral;Neutral;Neutral;Totalmente de acuerdo;Totalmente de acuerdo;Totalmente de acuerdo;Totalmente de acuerdo;Totalmente de acuerdo;Totalmente de acuerdo;Totalmente de acuerdo;De acuerdo;De acuerdo;Totalmente de acuerdo;Neutral;Totalmente de acuerdo;Totalmente de acuerdo;Totalmente de acuerdo;Totalmente de acuerdo;Totalmente de acuerdo
ID-326;Ciencias médicas y de la salud;41;76;Masculino;Hombre;Pública;De acuerdo;De acuerdo;De acuerdo;De acuerdo;Totalmente de acuerdo;De acuerdo;De acuerdo;Totalmente de acuerdo;De acuerdo;De acuerdo;De acuerdo;De acuerdo;De acuerdo;De acuerdo;De acuerdo;De acuerdo;Totalmente de acuerdo;Totalmente de acuerdo;Totalmente de acuerdo;Neutral;De acuerdo;Neutral;De acuerdo;De acuerdo;De acuerdo
ID-327;Ciencias médicas y de la salud;20;52;Masculino;Hombre;Pública;De acuerdo;Neutral;Neutral;Neutral;Totalmente de acuerdo;Totalmente de acuerdo;De acuerdo;Totalmente de acuerdo;Totalmente de acuerdo;De acuerdo;De acuerdo;De acuerdo;Neutral;Totalmente de acuerdo;Totalmente de acuerdo;Totalmente de acuerdo;Totalmente de acuerdo;Totalmente de acuerdo;Totalmente de acuerdo;Totalmente en desacuerdo;De acuerdo;Neutral;De acuerdo;De acuerdo;De acuerdo
ID-328;Ciencias médicas y de la salud;10;44;Femenino;Mujer;Pública;Totalmente de acuerdo;Totalmente de acuerdo;De acuerdo;De acuerdo;Totalmente de acuerdo;Neutral;En desacuerdo;De acuerdo;Totalmente de acuerdo;Totalmente de acuerdo;Totalmente de acuerdo;Totalmente de acuerdo;De acuerdo;Totalmente de acuerdo;De acuerdo;De acuerdo;Totalmente de acuerdo;Totalmente de acuerdo;Totalmente de acuerdo;De acuerdo;Totalmente de acuerdo;Totalmente de acuerdo;En desacuerdo;Totalmente de acuerdo;Totalmente de acuerdo
ID-329;Ciencias médicas y de la salud;15;44;Masculino;Hombre;Pública;De acuerdo;De acuerdo;De acuerdo;De acuerdo;De acuerdo;De acuerdo;De acuerdo;De acuerdo;Totalmente de acuerdo;De acuerdo;De acuerdo;Neutral;Neutral;De acuerdo;De acuerdo;De acuerdo;De acuerdo;De acuerdo;De acuerdo;De acuerdo;De acuerdo;Neutral;De acuerdo;Neutral;Totalmente de acuerdo
ID-330;Ingeniería y tecnología;25;48;Femenino;Mujer;Privada;De acuerdo;En desacuerdo;En desacuerdo;En desacuerdo;De acuerdo;Neutral;Neutral;Neutral;De acuerdo;Neutral;Neutral;Neutral;De acuerdo;De acuerdo;Neutral;De acuerdo;Neutral;De acuerdo;De acuerdo;Neutral;De acuerdo;Neutral;De acuerdo;Neutral;De acuerdo
ID-331;Humanidades;6;48;Femenino;Mujer;Privada;Neutral;Neutral;Neutral;Neutral;Totalmente de acuerdo;De acuerdo;Neutral;Neutral;Totalmente de acuerdo;Totalmente de acuerdo;Totalmente de acuerdo;Totalmente de acuerdo;De acuerdo;Totalmente de acuerdo;Totalmente de acuerdo;Totalmente de acuerdo;Totalmente de acuerdo;Totalmente de acuerdo;Totalmente de acuerdo;Neutral;Totalmente de acuerdo;Totalmente de acuerdo;Totalmente de acuerdo;Totalmente de acuerdo;Totalmente de acuerdo
ID-332;Ingeniería y tecnología;18;51;Femenino;Mujer;Privada;Totalmente de acuerdo;Totalmente de acuerdo;Totalmente de acuerdo;Totalmente de acuerdo;Totalmente de acuerdo;Totalmente de acuerdo;De acuerdo;Totalmente de acuerdo;Totalmente de acuerdo;Totalmente de acuerdo;Totalmente de acuerdo;Totalmente de acuerdo;Neutral;Totalmente de acuerdo;Totalmente de acuerdo;Totalmente de acuerdo;Totalmente de acuerdo;Totalmente de acuerdo;Totalmente de acuerdo;Totalmente de acuerdo;Totalmente de acuerdo;Totalmente de acuerdo;Neutral;Totalmente de acuerdo;Totalmente de acuerdo
ID-333;Ciencias médicas y de la salud;15;52;Femenino;Mujer;Pública;De acuerdo;De acuerdo;De acuerdo;De acuerdo;De acuerdo;Neutral;Totalmente de acuerdo;Totalmente de acuerdo;Totalmente de acuerdo;De acuerdo;De acuerdo;De acuerdo;Neutral;De acuerdo;De acuerdo;De acuerdo;De acuerdo;De acuerdo;De acuerdo;Neutral;De acuerdo;De acuerdo;De acuerdo;De acuerdo;De acuerdo
ID-334;Ciencias agrícolas;20;42;Masculino;Hombre;Privada;Neutral;Neutral;Neutral;Neutral;Neutral;Neutral;Neutral;Neutral;Neutral;Neutral;Neutral;Neutral;Neutral;Neutral;Neutral;Neutral;Neutral;Neutral;Neutral;Neutral;Neutral;Neutral;Neutral;Neutral;Neutral
ID-335;Ingeniería y tecnología;10;54;Femenino;Mujer;Privada;De acuerdo;De acuerdo;De acuerdo;De acuerdo;De acuerdo;De acuerdo;De acuerdo;De acuerdo;De acuerdo;Totalmente de acuerdo;Totalmente de acuerdo;Totalmente de acuerdo;De acuerdo;De acuerdo;De acuerdo;De acuerdo;Totalmente de acuerdo;Totalmente de acuerdo;Totalmente de acuerdo;De acuerdo;De acuerdo;De acuerdo;Totalmente de acuerdo;Totalmente de acuerdo;Totalmente de acuerdo
ID-336;Ciencias médicas y de la salud;22;50;Masculino;Hombre;Pública;De acuerdo;De acuerdo;De acuerdo;De acuerdo;De acuerdo;En desacuerdo;Neutral;De acuerdo;De acuerdo;De acuerdo;De acuerdo;De acuerdo;De acuerdo;De acuerdo;De acuerdo;De acuerdo;De acuerdo;De acuerdo;De acuerdo;De acuerdo;De acuerdo;De acuerdo;En desacuerdo;De acuerdo;De acuerdo
ID-337;Ciencias médicas y de la salud;14;45;Masculino;Hombre;Pública;De acuerdo;De acuerdo;De acuerdo;De acuerdo;De acuerdo;Totalmente de acuerdo;Totalmente de acuerdo;Totalmente de acuerdo;Totalmente de acuerdo;Neutral;Neutral;Neutral;De acuerdo;Totalmente de acuerdo;Totalmente de acuerdo;Totalmente de acuerdo;Totalmente de acuerdo;Totalmente de acuerdo;Totalmente de acuerdo;Neutral;De acuerdo;Neutral;De acuerdo;Neutral;Totalmente de acuerdo
ID-338;Ciencias médicas y de la salud;20;52;Femenino;Mujer;Pública;De acuerdo;De acuerdo;De acuerdo;Neutral;Totalmente de acuerdo;Totalmente de acuerdo;Totalmente de acuerdo;Totalmente de acuerdo;Totalmente de acuerdo;De acuerdo;De acuerdo;De acuerdo;Neutral;Totalmente de acuerdo;Totalmente de acuerdo;Totalmente de acuerdo;Totalmente de acuerdo;Totalmente de acuerdo;Totalmente de acuerdo;Totalmente en desacuerdo;De acuerdo;Neutral;Totalmente de acuerdo;De acuerdo;De acuerdo
ID-339;Ciencias médicas y de la salud;21;49;Femenino;Mujer;Pública;En desacuerdo;En desacuerdo;En desacuerdo;En desacuerdo;De acuerdo;De acuerdo;De acuerdo;De acuerdo;De acuerdo;De acuerdo;De acuerdo;Neutral;De acuerdo;De acuerdo;De acuerdo;De acuerdo;Neutral;Neutral;De acuerdo;Totalmente en desacuerdo;De acuerdo;Neutral;De acuerdo;De acuerdo;De acuerdo
ID-340;Ciencias médicas y de la salud;28;56;Femenino;Mujer;Privada;Totalmente en desacuerdo;Totalmente en desacuerdo;Totalmente en desacuerdo;Totalmente en desacuerdo;Totalmente en desacuerdo;En desacuerdo;En desacuerdo;En desacuerdo;En desacuerdo;Totalmente en desacuerdo;Totalmente en desacuerdo;Totalmente en desacuerdo;Totalmente en desacuerdo;Totalmente en desacuerdo;Totalmente en desacuerdo;Totalmente en desacuerdo;Totalmente en desacuerdo;Totalmente en desacuerdo;Totalmente en desacuerdo;Totalmente en desacuerdo;Totalmente en desacuerdo;Totalmente en desacuerdo;Totalmente en desacuerdo;Totalmente en desacuerdo;Totalmente en desacuerdo
ID-341;Ciencias médicas y de la salud;7;38;Femenino;Mujer;Pública;Totalmente de acuerdo;En desacuerdo;En desacuerdo;En desacuerdo;De acuerdo;De acuerdo;De acuerdo;De acuerdo;De acuerdo;En desacuerdo;De acuerdo;De acuerdo;De acuerdo;Neutral;En desacuerdo;De acuerdo;De acuerdo;De acuerdo;De acuerdo;En desacuerdo;De acuerdo;De acuerdo;De acuerdo;Neutral;Totalmente de acuerdo
ID-342;Ciencias médicas y de la salud;6;42;Femenino;Mujer;Pública;Neutral;Neutral;Neutral;De acuerdo;De acuerdo;De acuerdo;De acuerdo;De acuerdo;De acuerdo;De acuerdo;Neutral;De acuerdo;De acuerdo;De acuerdo;De acuerdo;De acuerdo;Neutral;De acuerdo;De acuerdo;En desacuerdo;Neutral;Neutral;De acuerdo;Neutral;De acuerdo
ID-343;Ciencias médicas y de la salud;16;59;Femenino;Mujer;Pública;De acuerdo;Totalmente en desacuerdo;En desacuerdo;Totalmente en desacuerdo;De acuerdo;De acuerdo;De acuerdo;Totalmente de acuerdo;Totalmente de acuerdo;De acuerdo;De acuerdo;De acuerdo;Neutral;Totalmente de acuerdo;Totalmente de acuerdo;Totalmente de acuerdo;De acuerdo;De acuerdo;De acuerdo;En desacuerdo;De acuerdo;De acuerdo;De acuerdo;De acuerdo;De acuerdo
ID-344;Ciencias médicas y de la salud;10;40;Femenino;Mujer;Pública;De acuerdo;De acuerdo;De acuerdo;De acuerdo;Neutral;Totalmente de acuerdo;De acuerdo;De acuerdo;De acuerdo;Totalmente de acuerdo;Totalmente de acuerdo;De acuerdo;De acuerdo;De acuerdo;De acuerdo;De acuerdo;De acuerdo;De acuerdo;De acuerdo;Neutral;De acuerdo;Neutral;De acuerdo;Neutral;De acuerdo
ID-345;Ciencias médicas y de la salud;2;30;Femenino;Mujer;Privada;De acuerdo;De acuerdo;De acuerdo;De acuerdo;De acuerdo;Totalmente de acuerdo;Totalmente de acuerdo;Totalmente de acuerdo;Totalmente de acuerdo;De acuerdo;De acuerdo;De acuerdo;Neutral;Totalmente de acuerdo;De acuerdo;De acuerdo;Totalmente de acuerdo;Totalmente de acuerdo;Totalmente de acuerdo;Neutral;Totalmente de acuerdo;Totalmente de acuerdo;Totalmente de acuerdo;De acuerdo;De acuerdo
ID-346;Ciencias médicas y de la salud;15;44;Femenino;Mujer;Privada;De acuerdo;De acuerdo;De acuerdo;De acuerdo;Totalmente de acuerdo;Neutral;Totalmente de acuerdo;Totalmente de acuerdo;Totalmente de acuerdo;Totalmente de acuerdo;Totalmente de acuerdo;Totalmente de acuerdo;En desacuerdo;Totalmente de acuerdo;Totalmente de acuerdo;Totalmente de acuerdo;Totalmente de acuerdo;Totalmente de acuerdo;Totalmente de acuerdo;De acuerdo;De acuerdo;Totalmente de acuerdo;Neutral;Totalmente de acuerdo;Totalmente de acuerdo
ID-347;Ciencias sociales;16;55;Masculino;Hombre;Privada;De acuerdo;Neutral;De acuerdo;De acuerdo;Neutral;Totalmente en desacuerdo;De acuerdo;De acuerdo;De acuerdo;Neutral;De acuerdo;De acuerdo;De acuerdo;De acuerdo;De acuerdo;De acuerdo;De acuerdo;De acuerdo;De acuerdo;Neutral;De acuerdo;Neutral;Neutral;Neutral;Neutral
ID-348;Ciencias médicas y de la salud;24;54;Femenino;Mujer;Privada;De acuerdo;De acuerdo;De acuerdo;De acuerdo;De acuerdo;De acuerdo;De acuerdo;De acuerdo;De acuerdo;Neutral;Neutral;Neutral;De acuerdo;De acuerdo;De acuerdo;De acuerdo;De acuerdo;De acuerdo;Totalmente de acuerdo;De acuerdo;De acuerdo;Neutral;Totalmente de acuerdo;Neutral;De acuerdo
ID-349;Ciencias sociales;18;56;Femenino;Mujer;Privada;De acuerdo;De acuerdo;De acuerdo;De acuerdo;De acuerdo;Totalmente de acuerdo;De acuerdo;Totalmente de acuerdo;Totalmente de acuerdo;Neutral;Neutral;En desacuerdo;Totalmente de acuerdo;Neutral;Neutral;Totalmente de acuerdo;Neutral;Neutral;Neutral;Totalmente en desacuerdo;De acuerdo;Neutral;De acuerdo;De acuerdo;Totalmente de acuerdo
ID-350;Ingeniería y tecnología;1;31;Masculino;Hombre;Privada;De acuerdo;De acuerdo;De acuerdo;Neutral;Totalmente de acuerdo;Totalmente de acuerdo;De acuerdo;Totalmente de acuerdo;Totalmente de acuerdo;Totalmente en desacuerdo;Totalmente en desacuerdo;Totalmente de acuerdo;De acuerdo;Totalmente en desacuerdo;Totalmente de acuerdo;Totalmente de acuerdo;Totalmente de acuerdo;De acuerdo;De acuerdo;Neutral;Totalmente de acuerdo;Totalmente de acuerdo;Neutral;Totalmente en desacuerdo;Totalmente de acuerdo
ID-351;Ciencias médicas y de la salud;3;36;Femenino;Mujer;Privada;Neutral;Neutral;Neutral;Neutral;De acuerdo;De acuerdo;De acuerdo;De acuerdo;De acuerdo;Totalmente de acuerdo;Totalmente de acuerdo;Totalmente de acuerdo;Totalmente de acuerdo;Totalmente de acuerdo;Totalmente de acuerdo;Totalmente de acuerdo;Totalmente de acuerdo;Totalmente de acuerdo;Totalmente de acuerdo;Neutral;Neutral;Neutral;Neutral;De acuerdo;De acuerdo
ID-352;Humanidades;15;39;Femenino;Mujer;Privada;Neutral;Neutral;Neutral;Neutral;Totalmente de acuerdo;Totalmente de acuerdo;Totalmente de acuerdo;Totalmente de acuerdo;Totalmente de acuerdo;De acuerdo;Neutral;De acuerdo;Neutral;Totalmente de acuerdo;Totalmente de acuerdo;Totalmente de acuerdo;Totalmente de acuerdo;Totalmente de acuerdo;Totalmente de acuerdo;En desacuerdo;Totalmente de acuerdo;Neutral;De acuerdo;De acuerdo;Totalmente de acuerdo
ID-353;Humanidades;18;56;Femenino;Mujer;Privada;En desacuerdo;En desacuerdo;Neutral;Neutral;Neutral;De acuerdo;De acuerdo;De acuerdo;De acuerdo;En desacuerdo;En desacuerdo;Neutral;Neutral;De acuerdo;De acuerdo;Totalmente de acuerdo;Neutral;De acuerdo;De acuerdo;Totalmente en desacuerdo;Neutral;Neutral;De acuerdo;Neutral;De acuerdo
ID-354;Ciencias médicas y de la salud;10;29;Femenino;Mujer;Privada;De acuerdo;De acuerdo;De acuerdo;De acuerdo;Totalmente de acuerdo;De acuerdo;Neutral;De acuerdo;Totalmente de acuerdo;De acuerdo;De acuerdo;Totalmente de acuerdo;De acuerdo;Totalmente de acuerdo;Totalmente de acuerdo;Totalmente de acuerdo;Neutral;Totalmente de acuerdo;Totalmente de acuerdo;De acuerdo;De acuerdo;Totalmente de acuerdo;De acuerdo;Totalmente de acuerdo;Totalmente de acuerdo
ID-355;Ciencias médicas y de la salud;10;29;Femenino;Mujer;Privada;De acuerdo;De acuerdo;De acuerdo;De acuerdo;De acuerdo;Neutral;De acuerdo;De acuerdo;De acuerdo;De acuerdo;De acuerdo;De acuerdo;De acuerdo;Totalmente de acuerdo;De acuerdo;De acuerdo;Neutral;De acuerdo;De acuerdo;De acuerdo;De acuerdo;De acuerdo;Neutral;De acuerdo;De acuerdo
ID-356;Ciencias médicas y de la salud;8;45;Masculino;Hombre;Privada;Totalmente en desacuerdo;Totalmente en desacuerdo;Totalmente en desacuerdo;Totalmente en desacuerdo;Totalmente en desacuerdo;Totalmente en desacuerdo;Totalmente en desacuerdo;Totalmente en desacuerdo;Totalmente en desacuerdo;Totalmente en desacuerdo;Totalmente en desacuerdo;En desacuerdo;Totalmente en desacuerdo;Totalmente en desacuerdo;En desacuerdo;Totalmente en desacuerdo;Totalmente en desacuerdo;En desacuerdo;En desacuerdo;Totalmente en desacuerdo;Totalmente en desacuerdo;En desacuerdo;En desacuerdo;Totalmente en desacuerdo;En desacuerdo
ID-357;Ciencias sociales;8;32;Femenino;Mujer;Privada;De acuerdo;De acuerdo;De acuerdo;De acuerdo;De acuerdo;De acuerdo;En desacuerdo;Neutral;Totalmente de acuerdo;Totalmente de acuerdo;Totalmente de acuerdo;Totalmente de acuerdo;De acuerdo;Totalmente de acuerdo;Totalmente de acuerdo;Totalmente de acuerdo;Totalmente de acuerdo;Totalmente de acuerdo;De acuerdo;De acuerdo;De acuerdo;Totalmente de acuerdo;Totalmente de acuerdo;De acuerdo;Totalmente de acuerdo
ID-358;Humanidades;8;50;Masculino;Hombre;Privada;De acuerdo;Neutral;Neutral;De acuerdo;Neutral;De acuerdo;Neutral;De acuerdo;Totalmente de acuerdo;Totalmente de acuerdo;Totalmente de acuerdo;De acuerdo;Neutral;Totalmente de acuerdo;Totalmente de acuerdo;Totalmente de acuerdo;Totalmente de acuerdo;Totalmente de acuerdo;Totalmente de acuerdo;En desacuerdo;Totalmente de acuerdo;Totalmente de acuerdo;Neutral;Totalmente de acuerdo;Totalmente de acuerdo
ID-359;Ciencias médicas y de la salud;6;41;Femenino;Mujer;Privada;Neutral;De acuerdo;De acuerdo;De acuerdo;De acuerdo;De acuerdo;De acuerdo;De acuerdo;Neutral;Neutral;De acuerdo;Neutral;Neutral;Neutral;Neutral;Neutral;De acuerdo;De acuerdo;De acuerdo;Neutral;De acuerdo;Neutral;Neutral;Neutral;Neutral
ID-360;Ciencias médicas y de la salud;30;64;Femenino;Mujer;Privada;De acuerdo;De acuerdo;De acuerdo;En desacuerdo;Totalmente de acuerdo;Totalmente de acuerdo;Neutral;De acuerdo;Totalmente de acuerdo;Totalmente de acuerdo;Totalmente de acuerdo;De acuerdo;Neutral;Totalmente de acuerdo;Totalmente de acuerdo;De acuerdo;Totalmente de acuerdo;Totalmente de acuerdo;Totalmente de acuerdo;Neutral;De acuerdo;De acuerdo;Totalmente de acuerdo;Totalmente de acuerdo;Totalmente de acuerdo
ID-361;Ciencias médicas y de la salud;11;40;Femenino;Mujer;Pública;En desacuerdo;Neutral;Neutral;Neutral;De acuerdo;De acuerdo;De acuerdo;De acuerdo;Totalmente de acuerdo;De acuerdo;Neutral;Neutral;Neutral;De acuerdo;De acuerdo;Totalmente de acuerdo;Neutral;De acuerdo;De acuerdo;Totalmente en desacuerdo;De acuerdo;De acuerdo;De acuerdo;De acuerdo;De acuerdo
ID-362;Ciencias médicas y de la salud;10;33;Femenino;Mujer;Privada;De acuerdo;De acuerdo;Neutral;De acuerdo;De acuerdo;De acuerdo;De acuerdo;De acuerdo;Totalmente de acuerdo;De acuerdo;De acuerdo;De acuerdo;En desacuerdo;Totalmente de acuerdo;De acuerdo;De acuerdo;De acuerdo;Totalmente de acuerdo;De acuerdo;Totalmente de acuerdo;De acuerdo;Neutral;Totalmente de acuerdo;De acuerdo;De acuerdo
ID-363;Ciencias médicas y de la salud;8;33;Femenino;Mujer;Privada;De acuerdo;De acuerdo;De acuerdo;De acuerdo;Neutral;Neutral;Neutral;Neutral;Neutral;En desacuerdo;Neutral;Neutral;Neutral;Neutral;Neutral;De acuerdo;Neutral;De acuerdo;De acuerdo;En desacuerdo;De acuerdo;De acuerdo;Neutral;De acuerdo;De acuerdo
ID-364;Ciencias médicas y de la salud;26;50;Femenino;Mujer;Privada;Totalmente de acuerdo;De acuerdo;De acuerdo;De acuerdo;De acuerdo;De acuerdo;De acuerdo;En desacuerdo;Totalmente de acuerdo;Totalmente de acuerdo;De acuerdo;Neutral;En desacuerdo;Totalmente de acuerdo;Totalmente de acuerdo;Totalmente de acuerdo;Totalmente de acuerdo;Totalmente de acuerdo;Totalmente de acuerdo;Totalmente de acuerdo;Totalmente de acuerdo;Totalmente de acuerdo;Totalmente de acuerdo;Totalmente de acuerdo;Totalmente de acuerdo
ID-365;Ciencias médicas y de la salud;7;36;Femenino;Mujer;Privada;Totalmente de acuerdo;Totalmente de acuerdo;Totalmente de acuerdo;Totalmente de acuerdo;De acuerdo;De acuerdo;De acuerdo;De acuerdo;De acuerdo;Totalmente de acuerdo;Totalmente de acuerdo;Totalmente de acuerdo;De acuerdo;Totalmente de acuerdo;Totalmente de acuerdo;Totalmente de acuerdo;Totalmente de acuerdo;Totalmente de acuerdo;Totalmente de acuerdo;Totalmente de acuerdo;Totalmente de acuerdo;Totalmente de acuerdo;De acuerdo;Totalmente en desacuerdo;Totalmente en desacuerdo
ID-366;Ciencias médicas y de la salud;25;52;Femenino;Mujer;Privada;De acuerdo;Neutral;De acuerdo;Neutral;Neutral;De acuerdo;De acuerdo;De acuerdo;De acuerdo;En desacuerdo;Neutral;Neutral;Neutral;De acuerdo;Neutral;Totalmente de acuerdo;Neutral;De acuerdo;Neutral;Totalmente en desacuerdo;Neutral;Neutral;De acuerdo;En desacuerdo;De acuerdo
ID-367;Ciencias médicas y de la salud;2;32;Femenino;Mujer;Privada;De acuerdo;De acuerdo;De acuerdo;Neutral;Neutral;De acuerdo;Neutral;De acuerdo;De acuerdo;Totalmente de acuerdo;Totalmente de acuerdo;Totalmente de acuerdo;Neutral;Totalmente de acuerdo;Totalmente de acuerdo;Totalmente de acuerdo;Totalmente de acuerdo;Totalmente de acuerdo;Totalmente de acuerdo;Totalmente de acuerdo;Totalmente de acuerdo;Totalmente de acuerdo;Totalmente de acuerdo;Totalmente de acuerdo;Totalmente de acuerdo
ID-368;Ciencias médicas y de la salud;23;48;Femenino;Mujer;Privada;De acuerdo;De acuerdo;De acuerdo;Totalmente de acuerdo;Neutral;De acuerdo;De acuerdo;De acuerdo;De acuerdo;De acuerdo;De acuerdo;Neutral;Totalmente en desacuerdo;De acuerdo;De acuerdo;De acuerdo;Totalmente de acuerdo;Totalmente de acuerdo;Totalmente de acuerdo;De acuerdo;De acuerdo;De acuerdo;Neutral;De acuerdo;De acuerdo
ID-369;Ciencias médicas y de la salud;23;65;Femenino;Mujer;Privada;De acuerdo;De acuerdo;De acuerdo;De acuerdo;De acuerdo;De acuerdo;Neutral;De acuerdo;De acuerdo;Neutral;De acuerdo;Neutral;De acuerdo;De acuerdo;De acuerdo;De acuerdo;De acuerdo;De acuerdo;De acuerdo;Neutral;De acuerdo;Neutral;De acuerdo;De acuerdo;De acuerdo
ID-370;Ciencias médicas y de la salud;2;28;Femenino;Mujer;Privada;De acuerdo;Neutral;Neutral;De acuerdo;En desacuerdo;En desacuerdo;De acuerdo;Neutral;Totalmente de acuerdo;Totalmente de acuerdo;Totalmente de acuerdo;Totalmente de acuerdo;Neutral;Totalmente de acuerdo;Totalmente de acuerdo;Totalmente de acuerdo;Neutral;De acuerdo;De acuerdo;Totalmente de acuerdo;Totalmente de acuerdo;Totalmente de acuerdo;Totalmente de acuerdo;Totalmente de acuerdo;Totalmente de acuerdo
ID-371;Ciencias médicas y de la salud;18;59;Masculino;Hombre;Privada;De acuerdo;De acuerdo;De acuerdo;De acuerdo;Totalmente de acuerdo;Totalmente de acuerdo;De acuerdo;De acuerdo;Totalmente de acuerdo;De acuerdo;De acuerdo;De acuerdo;De acuerdo;De acuerdo;Totalmente de acuerdo;De acuerdo;Totalmente de acuerdo;Totalmente de acuerdo;Totalmente de acuerdo;De acuerdo;Totalmente de acuerdo;De acuerdo;Totalmente de acuerdo;De acuerdo;De acuerdo
ID-372;Ciencias médicas y de la salud;25;53;Femenino;Mujer;Privada;Neutral;De acuerdo;De acuerdo;De acuerdo;Neutral;De acuerdo;De acuerdo;De acuerdo;De acuerdo;Neutral;De acuerdo;De acuerdo;De acuerdo;Totalmente de acuerdo;De acuerdo;Totalmente de acuerdo;Neutral;De acuerdo;De acuerdo;De acuerdo;De acuerdo;De acuerdo;De acuerdo;Neutral;De acuerdo
ID-373;Ciencias médicas y de la salud;5;32;Femenino;Mujer;Privada;Neutral;De acuerdo;Neutral;De acuerdo;Neutral;Neutral;Neutral;Neutral;De acuerdo;De acuerdo;Neutral;Neutral;Neutral;De acuerdo;De acuerdo;De acuerdo;Neutral;De acuerdo;De acuerdo;En desacuerdo;Neutral;Neutral;Neutral;Neutral;De acuerdo
ID-374;Ciencias médicas y de la salud;12;42;Femenino;Mujer;Privada;Totalmente de acuerdo;Totalmente de acuerdo;Totalmente de acuerdo;Totalmente de acuerdo;De acuerdo;En desacuerdo;En desacuerdo;En desacuerdo;En desacuerdo;De acuerdo;Totalmente de acuerdo;Totalmente de acuerdo;En desacuerdo;Totalmente de acuerdo;Totalmente de acuerdo;Totalmente de acuerdo;En desacuerdo;De acuerdo;Totalmente de acuerdo;Totalmente de acuerdo;De acuerdo;De acuerdo;En desacuerdo;De acuerdo;Totalmente de acuerdo
ID-375;Ciencias médicas y de la salud;17;43;Femenino;Mujer;Pública;En desacuerdo;En desacuerdo;En desacuerdo;En desacuerdo;Totalmente de acuerdo;Totalmente de acuerdo;Neutral;De acuerdo;Totalmente de acuerdo;De acuerdo;De acuerdo;Neutral;Neutral;Totalmente de acuerdo;Totalmente de acuerdo;Totalmente de acuerdo;Totalmente de acuerdo;Totalmente de acuerdo;Totalmente de acuerdo;En desacuerdo;Totalmente de acuerdo;De acuerdo;En desacuerdo;Totalmente de acuerdo;Totalmente de acuerdo
ID-376;Ingeniería y tecnología;5;39;Masculino;Hombre;Privada;Totalmente de acuerdo;Totalmente de acuerdo;Totalmente de acuerdo;Totalmente de acuerdo;Totalmente de acuerdo;Totalmente de acuerdo;Totalmente de acuerdo;Totalmente de acuerdo;Totalmente de acuerdo;Totalmente de acuerdo;Totalmente de acuerdo;Totalmente de acuerdo;Totalmente de acuerdo;Totalmente de acuerdo;Totalmente de acuerdo;Totalmente de acuerdo;Totalmente de acuerdo;Totalmente de acuerdo;Totalmente de acuerdo;Totalmente de acuerdo;Totalmente de acuerdo;Totalmente de acuerdo;Totalmente de acuerdo;Totalmente de acuerdo;Totalmente de acuerdo
ID-377;Ciencias médicas y de la salud;6;37;Masculino;Hombre;Pública;Totalmente en desacuerdo;Totalmente en desacuerdo;Totalmente en desacuerdo;Totalmente en desacuerdo;Totalmente en desacuerdo;Totalmente en desacuerdo;Totalmente en desacuerdo;Totalmente en desacuerdo;Totalmente en desacuerdo;Totalmente en desacuerdo;Totalmente en desacuerdo;Totalmente en desacuerdo;Totalmente en desacuerdo;De acuerdo;De acuerdo;De acuerdo;Totalmente de acuerdo;Totalmente de acuerdo;Totalmente de acuerdo;Totalmente en desacuerdo;Totalmente de acuerdo;Totalmente de acuerdo;Totalmente de acuerdo;Totalmente de acuerdo;Totalmente de acuerdo
ID-378;Humanidades;18;47;Femenino;Mujer;Privada;Neutral;Neutral;De acuerdo;Neutral;De acuerdo;De acuerdo;De acuerdo;De acuerdo;De acuerdo;Neutral;Neutral;Neutral;Neutral;Neutral;Neutral;Neutral;Neutral;Neutral;Neutral;Neutral;Neutral;Neutral;Neutral;Neutral;Neutral
ID-379;Ciencias médicas y de la salud;9;40;Femenino;Mujer;Privada;De acuerdo;Neutral;De acuerdo;Neutral;De acuerdo;De acuerdo;Neutral;De acuerdo;Totalmente de acuerdo;De acuerdo;De acuerdo;De acuerdo;Neutral;De acuerdo;Neutral;De acuerdo;De acuerdo;De acuerdo;De acuerdo;De acuerdo;De acuerdo;De acuerdo;De acuerdo;De acuerdo;De acuerdo
ID-380;Ciencias médicas y de la salud;23;51;Femenino;Mujer;Privada;Neutral;Neutral;Neutral;Neutral;De acuerdo;De acuerdo;De acuerdo;De acuerdo;De acuerdo;Totalmente en desacuerdo;Totalmente en desacuerdo;Totalmente en desacuerdo;De acuerdo;En desacuerdo;Totalmente en desacuerdo;De acuerdo;Neutral;De acuerdo;De acuerdo;En desacuerdo;En desacuerdo;En desacuerdo;En desacuerdo;Totalmente en desacuerdo;De acuerdo
ID-381;Humanidades;26;58;Masculino;Hombre;Privada;Neutral;Neutral;De acuerdo;De acuerdo;De acuerdo;De acuerdo;De acuerdo;De acuerdo;De acuerdo;De acuerdo;De acuerdo;De acuerdo;De acuerdo;De acuerdo;Neutral;De acuerdo;De acuerdo;De acuerdo;De acuerdo;Neutral;Neutral;Neutral;Neutral;De acuerdo;De acuerdo
ID-382;Ciencias médicas y de la salud;4;32;Masculino;Hombre;Privada;De acuerdo;Neutral;Neutral;Neutral;Neutral;En desacuerdo;En desacuerdo;Neutral;De acuerdo;De acuerdo;Totalmente de acuerdo;Totalmente de acuerdo;Neutral;Totalmente de acuerdo;Totalmente de acuerdo;Totalmente de acuerdo;Totalmente de acuerdo;Totalmente de acuerdo;Totalmente de acuerdo;Neutral;Totalmente de acuerdo;Totalmente de acuerdo;Totalmente de acuerdo;Totalmente de acuerdo;Totalmente de acuerdo
ID-383;Humanidades;4;41;Masculino;Hombre;Privada;Totalmente en desacuerdo;Totalmente en desacuerdo;Totalmente en desacuerdo;Totalmente en desacuerdo;Totalmente en desacuerdo;Totalmente en desacuerdo;Totalmente en desacuerdo;Totalmente en desacuerdo;Totalmente en desacuerdo;Totalmente en desacuerdo;Totalmente en desacuerdo;Totalmente en desacuerdo;Totalmente en desacuerdo;Totalmente en desacuerdo;Totalmente en desacuerdo;Totalmente en desacuerdo;Totalmente en desacuerdo;Totalmente en desacuerdo;Totalmente en desacuerdo;Totalmente en desacuerdo;Totalmente en desacuerdo;Totalmente en desacuerdo;Totalmente en desacuerdo;Totalmente en desacuerdo;Totalmente en desacuerdo
ID-384;Ciencias sociales;9;39;Femenino;Mujer;Pública;De acuerdo;De acuerdo;De acuerdo;De acuerdo;Totalmente de acuerdo;Totalmente de acuerdo;De acuerdo;De acuerdo;De acuerdo;Neutral;Neutral;Neutral;De acuerdo;De acuerdo;De acuerdo;Totalmente de acuerdo;De acuerdo;De acuerdo;Totalmente de acuerdo;En desacuerdo;De acuerdo;Neutral;Totalmente de acuerdo;Neutral;De acuerdo
ID-385;Ciencias médicas y de la salud;6;50;Masculino;Hombre;Privada;De acuerdo;Neutral;De acuerdo;En desacuerdo;Totalmente de acuerdo;Totalmente de acuerdo;De acuerdo;De acuerdo;Totalmente de acuerdo;De acuerdo;Neutral;En desacuerdo;Neutral;Totalmente de acuerdo;Totalmente de acuerdo;Totalmente de acuerdo;Totalmente de acuerdo;En desacuerdo;Totalmente de acuerdo;Neutral;De acuerdo;Neutral;De acuerdo;De acuerdo;Totalmente de acuerdo
ID-386;Ciencias médicas y de la salud;8;35;Femenino;Mujer;Pública;De acuerdo;Neutral;De acuerdo;Neutral;Neutral;Neutral;Neutral;Neutral;Neutral;De acuerdo;De acuerdo;De acuerdo;Neutral;De acuerdo;De acuerdo;De acuerdo;De acuerdo;Neutral;Neutral;Neutral;De acuerdo;Neutral;Neutral;Neutral;Neutral
ID-387;Ciencias médicas y de la salud;9;33;Femenino;Mujer;Privada;De acuerdo;De acuerdo;En desacuerdo;Totalmente en desacuerdo;Totalmente de acuerdo;Totalmente de acuerdo;De acuerdo;De acuerdo;Totalmente de acuerdo;Totalmente en desacuerdo;De acuerdo;En desacuerdo;Totalmente de acuerdo;De acuerdo;De acuerdo;Totalmente de acuerdo;En desacuerdo;Totalmente de acuerdo;Totalmente de acuerdo;De acuerdo;Neutral;De acuerdo;Totalmente de acuerdo;En desacuerdo;Totalmente de acuerdo
ID-388;Ciencias médicas y de la salud;40;60;Masculino;Hombre;Pública;Neutral;Totalmente en desacuerdo;Totalmente en desacuerdo;Totalmente en desacuerdo;Totalmente de acuerdo;Totalmente de acuerdo;Neutral;Neutral;Totalmente de acuerdo;Totalmente de acuerdo;Totalmente de acuerdo;Totalmente de acuerdo;Totalmente de acuerdo;Totalmente de acuerdo;Totalmente de acuerdo;Totalmente de acuerdo;Neutral;De acuerdo;Neutral;Totalmente en desacuerdo;Totalmente de acuerdo;Neutral;Neutral;Totalmente de acuerdo;Totalmente de acuerdo
ID-389;Ciencias médicas y de la salud;5;32;Femenino;Mujer;Privada;Totalmente en desacuerdo;En desacuerdo;En desacuerdo;En desacuerdo;Totalmente en desacuerdo;Totalmente en desacuerdo;Totalmente en desacuerdo;Totalmente en desacuerdo;Totalmente en desacuerdo;Totalmente en desacuerdo;Totalmente en desacuerdo;Totalmente en desacuerdo;Totalmente en desacuerdo;Totalmente en desacuerdo;Totalmente en desacuerdo;Totalmente en desacuerdo;Totalmente en desacuerdo;Totalmente en desacuerdo;Totalmente en desacuerdo;En desacuerdo;Totalmente en desacuerdo;En desacuerdo;Totalmente en desacuerdo;Totalmente en desacuerdo;Totalmente en desacuerdo
ID-390;Ciencias médicas y de la salud;3;28;Femenino;Mujer;Privada;De acuerdo;De acuerdo;En desacuerdo;En desacuerdo;De acuerdo;Neutral;Neutral;Neutral;De acuerdo;En desacuerdo;Neutral;En desacuerdo;Neutral;De acuerdo;Neutral;De acuerdo;Neutral;Neutral;En desacuerdo;Totalmente en desacuerdo;Neutral;Neutral;Neutral;Neutral;De acuerdo
ID-391;Ciencias médicas y de la salud;6;34;Femenino;Mujer;Privada;Neutral;Neutral;Neutral;Neutral;En desacuerdo;Neutral;En desacuerdo;Neutral;De acuerdo;De acuerdo;De acuerdo;De acuerdo;De acuerdo;De acuerdo;De acuerdo;De acuerdo;De acuerdo;De acuerdo;De acuerdo;Neutral;Totalmente de acuerdo;De acuerdo;De acuerdo;Totalmente de acuerdo;De acuerdo
ID-392;Ciencias médicas y de la salud;35;35;Femenino;Mujer;Pública;En desacuerdo;Neutral;Neutral;En desacuerdo;De acuerdo;Totalmente de acuerdo;Neutral;De acuerdo;Totalmente de acuerdo;Neutral;Neutral;Neutral;De acuerdo;De acuerdo;De acuerdo;De acuerdo;De acuerdo;De acuerdo;De acuerdo;Totalmente en desacuerdo;En desacuerdo;En desacuerdo;De acuerdo;De acuerdo;De acuerdo
ID-393;Ciencias médicas y de la salud;30;60;Femenino;Mujer;Privada;De acuerdo;De acuerdo;En desacuerdo;Neutral;En desacuerdo;Neutral;Neutral;De acuerdo;Totalmente de acuerdo;Neutral;De acuerdo;De acuerdo;Neutral;De acuerdo;De acuerdo;De acuerdo;De acuerdo;Neutral;De acuerdo;Neutral;Neutral;Neutral;Neutral;De acuerdo;De acuerdo
ID-394;Ciencias médicas y de la salud;35;59;Femenino;Mujer;Pública;De acuerdo;De acuerdo;De acuerdo;De acuerdo;De acuerdo;De acuerdo;De acuerdo;De acuerdo;Totalmente de acuerdo;De acuerdo;De acuerdo;De acuerdo;De acuerdo;Totalmente de acuerdo;Totalmente de acuerdo;Totalmente de acuerdo;Totalmente de acuerdo;Totalmente de acuerdo;Totalmente de acuerdo;Neutral;De acuerdo;De acuerdo;De acuerdo;De acuerdo;Totalmente de acuerdo
ID-395;Ciencias médicas y de la salud;28;55;Femenino;Mujer;Privada;De acuerdo;De acuerdo;De acuerdo;De acuerdo;De acuerdo;Neutral;En desacuerdo;Neutral;De acuerdo;Totalmente de acuerdo;Totalmente de acuerdo;Totalmente de acuerdo;De acuerdo;Totalmente de acuerdo;Totalmente de acuerdo;Totalmente de acuerdo;Totalmente de acuerdo;Totalmente de acuerdo;Totalmente de acuerdo;Neutral;Totalmente de acuerdo;Totalmente de acuerdo;De acuerdo;Totalmente de acuerdo;Totalmente de acuerdo
ID-396;Ciencias médicas y de la salud;18;48;Femenino;Mujer;Privada;Neutral;Neutral;Neutral;Neutral;De acuerdo;Neutral;Totalmente de acuerdo;Totalmente de acuerdo;Totalmente de acuerdo;En desacuerdo;En desacuerdo;En desacuerdo;En desacuerdo;Neutral;Neutral;Neutral;En desacuerdo;En desacuerdo;En desacuerdo;En desacuerdo;En desacuerdo;En desacuerdo;En desacuerdo;De acuerdo;Neutral
ID-397;Ciencias médicas y de la salud;4;38;Femenino;Mujer;Privada;Neutral;Neutral;Neutral;Neutral;Neutral;Neutral;Neutral;Neutral;Neutral;Totalmente de acuerdo;Totalmente de acuerdo;Totalmente de acuerdo;Totalmente de acuerdo;Totalmente de acuerdo;Totalmente de acuerdo;Totalmente de acuerdo;Totalmente de acuerdo;Totalmente de acuerdo;Totalmente de acuerdo;Totalmente de acuerdo;Totalmente de acuerdo;Totalmente de acuerdo;Totalmente de acuerdo;Totalmente de acuerdo;Totalmente de acuerdo
ID-398;Ciencias médicas y de la salud;1;27;Femenino;Mujer;Privada;Neutral;Neutral;De acuerdo;Neutral;Totalmente de acuerdo;Totalmente de acuerdo;Totalmente de acuerdo;Totalmente de acuerdo;Totalmente de acuerdo;De acuerdo;De acuerdo;De acuerdo;Totalmente de acuerdo;De acuerdo;Totalmente de acuerdo;Totalmente de acuerdo;De acuerdo;Totalmente de acuerdo;Totalmente de acuerdo;En desacuerdo;De acuerdo;En desacuerdo;Totalmente de acuerdo;Totalmente de acuerdo;Totalmente de acuerdo
ID-399;Ciencias médicas y de la salud;30;62;Femenino;Mujer;Privada;De acuerdo;Neutral;De acuerdo;Neutral;De acuerdo;De acuerdo;De acuerdo;De acuerdo;De acuerdo;En desacuerdo;Neutral;Neutral;Neutral;En desacuerdo;Neutral;En desacuerdo;Neutral;Neutral;Neutral;Neutral;Neutral;Neutral;De acuerdo;Neutral;Neutral
ID-400;Ciencias médicas y de la salud;8;31;Masculino;Hombre;Privada;Totalmente de acuerdo;Totalmente de acuerdo;Totalmente de acuerdo;Neutral;Totalmente de acuerdo;Totalmente de acuerdo;Totalmente de acuerdo;De acuerdo;De acuerdo;Totalmente de acuerdo;Totalmente de acuerdo;Totalmente en desacuerdo;Totalmente de acuerdo;De acuerdo;Totalmente de acuerdo;Totalmente de acuerdo;Totalmente en desacuerdo;Totalmente de acuerdo;Totalmente de acuerdo;Totalmente en desacuerdo;Totalmente de acuerdo;Neutral;Totalmente de acuerdo;En desacuerdo;En desacuerdo
ID-401;Ciencias médicas y de la salud;5;47;Femenino;Mujer;Privada;Neutral;Neutral;De acuerdo;De acuerdo;De acuerdo;De acuerdo;De acuerdo;De acuerdo;Neutral;Neutral;De acuerdo;De acuerdo;De acuerdo;Neutral;De acuerdo;De acuerdo;De acuerdo;De acuerdo;De acuerdo;De acuerdo;De acuerdo;De acuerdo;De acuerdo;Neutral;De acuerdo
ID-402;Ciencias sociales;18;41;Masculino;Hombre;Privada;De acuerdo;De acuerdo;De acuerdo;Neutral;De acuerdo;De acuerdo;De acuerdo;De acuerdo;De acuerdo;Neutral;De acuerdo;Neutral;De acuerdo;De acuerdo;De acuerdo;De acuerdo;Neutral;De acuerdo;Neutral;De acuerdo;De acuerdo;De acuerdo;De acuerdo;Neutral;De acuerdo
ID-403;Ciencias médicas y de la salud;6;40;Masculino;Hombre;Pública;De acuerdo;De acuerdo;De acuerdo;De acuerdo;De acuerdo;Neutral;Neutral;De acuerdo;De acuerdo;De acuerdo;De acuerdo;De acuerdo;Neutral;De acuerdo;De acuerdo;De acuerdo;De acuerdo;De acuerdo;De acuerdo;Neutral;De acuerdo;De acuerdo;De acuerdo;De acuerdo;De acuerdo
ID-404;Ciencias médicas y de la salud;28;52;Femenino;Mujer;Pública;De acuerdo;Neutral;De acuerdo;De acuerdo;De acuerdo;De acuerdo;De acuerdo;De acuerdo;De acuerdo;De acuerdo;De acuerdo;De acuerdo;Neutral;Totalmente de acuerdo;Totalmente de acuerdo;Totalmente de acuerdo;Totalmente de acuerdo;Totalmente de acuerdo;Totalmente de acuerdo;Totalmente en desacuerdo;De acuerdo;Totalmente de acuerdo;De acuerdo;Totalmente de acuerdo;Totalmente de acuerdo
ID-405;Ciencias médicas y de la salud;29;58;Femenino;Mujer;Pública;Neutral;Neutral;De acuerdo;En desacuerdo;En desacuerdo;En desacuerdo;En desacuerdo;De acuerdo;De acuerdo;Totalmente de acuerdo;De acuerdo;Totalmente de acuerdo;Totalmente de acuerdo;Totalmente de acuerdo;Totalmente de acuerdo;Totalmente de acuerdo;Totalmente de acuerdo;Totalmente de acuerdo;Totalmente de acuerdo;En desacuerdo;Totalmente de acuerdo;Neutral;Neutral;Neutral;Neutral
ID-406;Ciencias médicas y de la salud;30;60;Femenino;Mujer;Pública;Totalmente de acuerdo;De acuerdo;Neutral;Totalmente de acuerdo;Totalmente de acuerdo;Totalmente de acuerdo;Totalmente de acuerdo;Totalmente de acuerdo;Totalmente de acuerdo;Totalmente de acuerdo;Totalmente de acuerdo;Totalmente de acuerdo;De acuerdo;De acuerdo;Totalmente de acuerdo;Totalmente de acuerdo;De acuerdo;Totalmente de acuerdo;Totalmente de acuerdo;Totalmente de acuerdo;Totalmente de acuerdo;Totalmente de acuerdo;Totalmente de acuerdo;Totalmente de acuerdo;Totalmente de acuerdo
ID-407;Humanidades;6;29;Femenino;Mujer;Pública;Totalmente de acuerdo;Totalmente de acuerdo;Totalmente de acuerdo;Totalmente de acuerdo;Neutral;Neutral;En desacuerdo;Neutral;De acuerdo;Totalmente de acuerdo;Totalmente de acuerdo;Totalmente de acuerdo;Totalmente de acuerdo;Totalmente de acuerdo;Totalmente de acuerdo;Totalmente de acuerdo;Totalmente de acuerdo;Totalmente de acuerdo;Totalmente de acuerdo;Totalmente de acuerdo;Totalmente de acuerdo;Totalmente de acuerdo;Totalmente de acuerdo;Totalmente de acuerdo;Totalmente de acuerdo
ID-408;Ciencias médicas y de la salud;3;38;Femenino;Mujer;Privada;En desacuerdo;En desacuerdo;En desacuerdo;En desacuerdo;De acuerdo;De acuerdo;De acuerdo;De acuerdo;Totalmente de acuerdo;De acuerdo;De acuerdo;De acuerdo;Neutral;De acuerdo;Totalmente de acuerdo;Totalmente de acuerdo;Totalmente de acuerdo;Totalmente de acuerdo;Totalmente de acuerdo;Totalmente en desacuerdo;De acuerdo;De acuerdo;Neutral;Neutral;De acuerdo
ID-409;Ingeniería y tecnología;9;53;Femenino;Mujer;Privada;Totalmente en desacuerdo;En desacuerdo;Totalmente en desacuerdo;Totalmente en desacuerdo;De acuerdo;De acuerdo;De acuerdo;De acuerdo;De acuerdo;De acuerdo;De acuerdo;De acuerdo;De acuerdo;De acuerdo;De acuerdo;De acuerdo;De acuerdo;De acuerdo;De acuerdo;En desacuerdo;De acuerdo;De acuerdo;De acuerdo;De acuerdo;De acuerdo
ID-410;Ciencias sociales;26;64;Femenino;Mujer;Pública;Totalmente de acuerdo;De acuerdo;De acuerdo;Neutral;Totalmente de acuerdo;Totalmente en desacuerdo;De acuerdo;De acuerdo;De acuerdo;Totalmente de acuerdo;Totalmente de acuerdo;Totalmente de acuerdo;De acuerdo;Totalmente de acuerdo;Totalmente de acuerdo;Totalmente de acuerdo;Totalmente de acuerdo;Totalmente de acuerdo;Totalmente de acuerdo;Totalmente en desacuerdo;Totalmente de acuerdo;Totalmente de acuerdo;De acuerdo;En desacuerdo;De acuerdo
ID-411;Ciencias sociales;20;68;Masculino;Hombre;Privada;En desacuerdo;De acuerdo;Neutral;Neutral;De acuerdo;De acuerdo;De acuerdo;De acuerdo;Totalmente de acuerdo;De acuerdo;De acuerdo;De acuerdo;Neutral;De acuerdo;De acuerdo;De acuerdo;De acuerdo;De acuerdo;De acuerdo;Neutral;Neutral;Neutral;De acuerdo;De acuerdo;De acuerdo
ID-412;Ingeniería y tecnología;14;50;Masculino;Hombre;Pública;Totalmente de acuerdo;Totalmente de acuerdo;Totalmente de acuerdo;Totalmente de acuerdo;Totalmente de acuerdo;Totalmente de acuerdo;Neutral;Neutral;Neutral;Totalmente de acuerdo;Totalmente de acuerdo;Totalmente de acuerdo;Neutral;Totalmente de acuerdo;Totalmente de acuerdo;De acuerdo;Totalmente de acuerdo;En desacuerdo;Totalmente de acuerdo;Totalmente de acuerdo;Totalmente de acuerdo;Totalmente de acuerdo;Neutral;Totalmente de acuerdo;Totalmente de acuerdo
ID-413;Ingeniería y tecnología;10;44;Femenino;Mujer;Privada;De acuerdo;De acuerdo;Neutral;Neutral;De acuerdo;De acuerdo;De acuerdo;De acuerdo;De acuerdo;De acuerdo;Totalmente de acuerdo;Totalmente de acuerdo;De acuerdo;Totalmente de acuerdo;Totalmente de acuerdo;Totalmente de acuerdo;De acuerdo;De acuerdo;Neutral;De acuerdo;De acuerdo;Totalmente de acuerdo;De acuerdo;Neutral;De acuerdo
ID-414;Ciencias sociales;25;49;Femenino;Mujer;Privada;Neutral;Neutral;Neutral;Neutral;De acuerdo;De acuerdo;Neutral;De acuerdo;De acuerdo;Neutral;Neutral;Neutral;De acuerdo;De acuerdo;De acuerdo;De acuerdo;Neutral;Neutral;Neutral;Neutral;De acuerdo;Neutral;De acuerdo;De acuerdo;De acuerdo
ID-415;Ciencias médicas y de la salud;35;59;Femenino;Mujer;Privada;Neutral;Neutral;Neutral;Neutral;De acuerdo;De acuerdo;De acuerdo;De acuerdo;De acuerdo;De acuerdo;De acuerdo;De acuerdo;De acuerdo;De acuerdo;De acuerdo;De acuerdo;De acuerdo;De acuerdo;De acuerdo;De acuerdo;De acuerdo;De acuerdo;De acuerdo;De acuerdo;De acuerdo
ID-416;Ciencias médicas y de la salud;2;32;Femenino;Mujer;Privada;Totalmente de acuerdo;De acuerdo;De acuerdo;De acuerdo;De acuerdo;De acuerdo;Neutral;De acuerdo;Neutral;De acuerdo;Totalmente de acuerdo;Totalmente de acuerdo;Neutral;Totalmente de acuerdo;De acuerdo;Totalmente de acuerdo;Neutral;En desacuerdo;Neutral;Totalmente en desacuerdo;De acuerdo;De acuerdo;Neutral;De acuerdo;De acuerdo
ID-417;Ciencias sociales;7;57;Femenino;Mujer;Privada;De acuerdo;De acuerdo;De acuerdo;Neutral;De acuerdo;De acuerdo;De acuerdo;De acuerdo;De acuerdo;De acuerdo;De acuerdo;De acuerdo;Totalmente de acuerdo;Totalmente de acuerdo;Totalmente de acuerdo;Totalmente de acuerdo;De acuerdo;De acuerdo;Totalmente de acuerdo;Neutral;De acuerdo;De acuerdo;De acuerdo;De acuerdo;De acuerdo
ID-418;Ciencias médicas y de la salud;14;43;Femenino;Mujer;Privada;De acuerdo;De acuerdo;Neutral;De acuerdo;De acuerdo;Neutral;De acuerdo;De acuerdo;De acuerdo;De acuerdo;De acuerdo;De acuerdo;De acuerdo;De acuerdo;De acuerdo;De acuerdo;De acuerdo;De acuerdo;De acuerdo;Neutral;De acuerdo;Neutral;Neutral;De acuerdo;De acuerdo
ID-419;Ciencias sociales;8;32;Masculino;Hombre;Privada;Neutral;Neutral;Neutral;En desacuerdo;De acuerdo;De acuerdo;Neutral;De acuerdo;Totalmente de acuerdo;Neutral;Neutral;De acuerdo;De acuerdo;Totalmente de acuerdo;Totalmente de acuerdo;De acuerdo;Totalmente de acuerdo;Totalmente de acuerdo;Totalmente de acuerdo;Totalmente en desacuerdo;De acuerdo;De acuerdo;Totalmente de acuerdo;Neutral;Totalmente de acuerdo
ID-420;Ciencias sociales;17;43;Masculino;Hombre;Privada;Neutral;Neutral;Neutral;Neutral;Neutral;Neutral;Neutral;Neutral;Neutral;Totalmente en desacuerdo;Totalmente en desacuerdo;Totalmente en desacuerdo;Totalmente en desacuerdo;Totalmente en desacuerdo;Totalmente en desacuerdo;Totalmente en desacuerdo;Totalmente en desacuerdo;Totalmente en desacuerdo;Totalmente en desacuerdo;Totalmente en desacuerdo;Totalmente en desacuerdo;Totalmente en desacuerdo;Totalmente en desacuerdo;Totalmente en desacuerdo;Totalmente en desacuerdo
ID-421;Ciencias médicas y de la salud;13;43;Femenino;Mujer;Privada;Neutral;Neutral;En desacuerdo;En desacuerdo;De acuerdo;De acuerdo;De acuerdo;De acuerdo;Totalmente de acuerdo;De acuerdo;De acuerdo;De acuerdo;De acuerdo;De acuerdo;De acuerdo;De acuerdo;De acuerdo;De acuerdo;De acuerdo;En desacuerdo;De acuerdo;Neutral;Neutral;Neutral;De acuerdo
ID-422;Ciencias sociales;16;54;Masculino;Hombre;Privada;Totalmente de acuerdo;Totalmente de acuerdo;Totalmente de acuerdo;Totalmente de acuerdo;Totalmente de acuerdo;Totalmente de acuerdo;Totalmente de acuerdo;Totalmente de acuerdo;Totalmente de acuerdo;Totalmente de acuerdo;Totalmente de acuerdo;Totalmente de acuerdo;Totalmente de acuerdo;Totalmente de acuerdo;Totalmente de acuerdo;Totalmente de acuerdo;Totalmente de acuerdo;Totalmente de acuerdo;Totalmente de acuerdo;Totalmente de acuerdo;Totalmente de acuerdo;Totalmente de acuerdo;De acuerdo;Totalmente de acuerdo;Totalmente de acuerdo
ID-423;Humanidades;20;52;Femenino;Mujer;Privada;De acuerdo;De acuerdo;Neutral;De acuerdo;De acuerdo;De acuerdo;Neutral;De acuerdo;De acuerdo;Totalmente de acuerdo;Totalmente de acuerdo;De acuerdo;Neutral;De acuerdo;De acuerdo;De acuerdo;De acuerdo;De acuerdo;Totalmente de acuerdo;De acuerdo;De acuerdo;De acuerdo;De acuerdo;De acuerdo;De acuerdo
ID-424;Ciencias sociales;23;50;Masculino;Hombre;Privada;Totalmente de acuerdo;En desacuerdo;Neutral;Neutral;Totalmente de acuerdo;Totalmente de acuerdo;Totalmente de acuerdo;Totalmente de acuerdo;Totalmente de acuerdo;Neutral;Neutral;Neutral;Neutral;Totalmente de acuerdo;Totalmente de acuerdo;Totalmente de acuerdo;De acuerdo;De acuerdo;De acuerdo;De acuerdo;De acuerdo;Neutral;De acuerdo;De acuerdo;De acuerdo
ID-425;Ingeniería y tecnología;8;40;Femenino;Mujer;Privada;De acuerdo;Neutral;Neutral;De acuerdo;Totalmente de acuerdo;Totalmente de acuerdo;Totalmente de acuerdo;Totalmente de acuerdo;De acuerdo;En desacuerdo;De acuerdo;Neutral;Neutral;De acuerdo;Totalmente de acuerdo;Totalmente de acuerdo;De acuerdo;De acuerdo;De acuerdo;Totalmente de acuerdo;Totalmente de acuerdo;Totalmente de acuerdo;Totalmente de acuerdo;Neutral;De acuerdo
ID-426;Ciencias médicas y de la salud;10;43;Femenino;Mujer;Privada;De acuerdo;Neutral;De acuerdo;De acuerdo;Neutral;De acuerdo;Neutral;De acuerdo;Neutral;Neutral;Neutral;Neutral;Neutral;Neutral;Neutral;De acuerdo;Neutral;Neutral;Neutral;Neutral;Neutral;Neutral;De acuerdo;Neutral;Neutral
ID-427;Ciencias médicas y de la salud;17;55;Femenino;Mujer;Pública;De acuerdo;Neutral;De acuerdo;De acuerdo;Totalmente de acuerdo;De acuerdo;De acuerdo;Totalmente de acuerdo;Totalmente de acuerdo;De acuerdo;De acuerdo;De acuerdo;De acuerdo;Totalmente de acuerdo;Totalmente de acuerdo;Totalmente de acuerdo;De acuerdo;De acuerdo;Totalmente de acuerdo;En desacuerdo;De acuerdo;Neutral;De acuerdo;De acuerdo;De acuerdo
ID-428;Ciencias sociales;24;54;Masculino;Hombre;Privada;De acuerdo;De acuerdo;De acuerdo;De acuerdo;De acuerdo;De acuerdo;De acuerdo;De acuerdo;De acuerdo;Totalmente de acuerdo;Totalmente de acuerdo;Totalmente de acuerdo;De acuerdo;De acuerdo;De acuerdo;De acuerdo;De acuerdo;De acuerdo;De acuerdo;De acuerdo;De acuerdo;De acuerdo;Neutral;De acuerdo;De acuerdo
ID-429;Ciencias médicas y de la salud;9;33;Femenino;Mujer;Privada;De acuerdo;De acuerdo;En desacuerdo;Totalmente en desacuerdo;Totalmente de acuerdo;Totalmente de acuerdo;De acuerdo;De acuerdo;Totalmente de acuerdo;Totalmente en desacuerdo;De acuerdo;En desacuerdo;Totalmente de acuerdo;De acuerdo;De acuerdo;Totalmente de acuerdo;En desacuerdo;Totalmente de acuerdo;Totalmente de acuerdo;De acuerdo;Neutral;De acuerdo;Totalmente de acuerdo;En desacuerdo;Totalmente de acuerdo
ID-430;Ciencias médicas y de la salud;40;60;Masculino;Hombre;Pública;Neutral;Totalmente en desacuerdo;Totalmente en desacuerdo;Totalmente en desacuerdo;Totalmente de acuerdo;Totalmente de acuerdo;Neutral;Neutral;Totalmente de acuerdo;Totalmente de acuerdo;Totalmente de acuerdo;Totalmente de acuerdo;Totalmente de acuerdo;Totalmente de acuerdo;Totalmente de acuerdo;Totalmente de acuerdo;Neutral;De acuerdo;Neutral;Totalmente en desacuerdo;Totalmente de acuerdo;Neutral;Neutral;Totalmente de acuerdo;Totalmente de acuerdo
ID-431;Ciencias médicas y de la salud;5;32;Femenino;Mujer;Privada;Totalmente en desacuerdo;En desacuerdo;En desacuerdo;En desacuerdo;Totalmente en desacuerdo;Totalmente en desacuerdo;Totalmente en desacuerdo;Totalmente en desacuerdo;Totalmente en desacuerdo;Totalmente en desacuerdo;Totalmente en desacuerdo;Totalmente en desacuerdo;Totalmente en desacuerdo;Totalmente en desacuerdo;Totalmente en desacuerdo;Totalmente en desacuerdo;Totalmente en desacuerdo;Totalmente en desacuerdo;Totalmente en desacuerdo;En desacuerdo;Totalmente en desacuerdo;En desacuerdo;Totalmente en desacuerdo;Totalmente en desacuerdo;Totalmente en desacuerdo
ID-432;Ciencias médicas y de la salud;13;48;Masculino;Mujer;Privada;De acuerdo;De acuerdo;Neutral;Neutral;Totalmente de acuerdo;Totalmente de acuerdo;Neutral;Neutral;Neutral;En desacuerdo;Neutral;Neutral;Neutral;Neutral;Neutral;De acuerdo;Neutral;Neutral;Neutral;Totalmente en desacuerdo;Neutral;Neutral;Neutral;De acuerdo;De acuerdo
ID-433;Ciencias médicas y de la salud;8;41;Femenino;Mujer;Privada;Neutral;De acuerdo;Neutral;De acuerdo;En desacuerdo;Totalmente de acuerdo;Totalmente de acuerdo;De acuerdo;De acuerdo;De acuerdo;De acuerdo;De acuerdo;Neutral;De acuerdo;De acuerdo;De acuerdo;Neutral;De acuerdo;Totalmente de acuerdo;De acuerdo;De acuerdo;De acuerdo;Totalmente de acuerdo;Totalmente de acuerdo;Totalmente de acuerdo
ID-434;Ciencias médicas y de la salud;9;48;Femenino;Mujer;Privada;De acuerdo;De acuerdo;Neutral;De acuerdo;De acuerdo;De acuerdo;De acuerdo;De acuerdo;De acuerdo;De acuerdo;De acuerdo;De acuerdo;De acuerdo;De acuerdo;De acuerdo;De acuerdo;De acuerdo;De acuerdo;De acuerdo;De acuerdo;De acuerdo;De acuerdo;De acuerdo;De acuerdo;De acuerdo
ID-435;Ciencias médicas y de la salud;3;47;Femenino;Mujer;Privada;Totalmente de acuerdo;De acuerdo;De acuerdo;De acuerdo;Totalmente de acuerdo;De acuerdo;De acuerdo;De acuerdo;De acuerdo;Totalmente de acuerdo;Totalmente de acuerdo;Totalmente de acuerdo;De acuerdo;Totalmente de acuerdo;Totalmente de acuerdo;Totalmente de acuerdo;Totalmente de acuerdo;Totalmente de acuerdo;Totalmente de acuerdo;Totalmente de acuerdo;Totalmente de acuerdo;De acuerdo;De acuerdo;Totalmente de acuerdo;Totalmente de acuerdo
ID-436;Ciencias médicas y de la salud;18;42;Femenino;Mujer;Privada;Neutral;Neutral;Neutral;Neutral;De acuerdo;De acuerdo;Neutral;Neutral;De acuerdo;De acuerdo;De acuerdo;De acuerdo;Neutral;Totalmente de acuerdo;De acuerdo;Totalmente de acuerdo;De acuerdo;De acuerdo;De acuerdo;Totalmente en desacuerdo;Neutral;Neutral;Neutral;Neutral;De acuerdo
ID-437;Ingeniería y tecnología;7;31;Femenino;Mujer;Privada;Totalmente de acuerdo;De acuerdo;De acuerdo;De acuerdo;Totalmente de acuerdo;De acuerdo;Neutral;En desacuerdo;Totalmente de acuerdo;Totalmente de acuerdo;Totalmente de acuerdo;Totalmente de acuerdo;Neutral;Totalmente de acuerdo;Totalmente de acuerdo;Totalmente de acuerdo;De acuerdo;De acuerdo;Totalmente de acuerdo;Neutral;De acuerdo;Totalmente de acuerdo;Neutral;Totalmente de acuerdo;Totalmente de acuerdo
ID-438;Ciencias médicas y de la salud;21;51;Femenino;Mujer;Privada;Totalmente de acuerdo;Totalmente de acuerdo;Neutral;Neutral;Neutral;Neutral;Neutral;Neutral;Neutral;Totalmente de acuerdo;Totalmente de acuerdo;Totalmente de acuerdo;Totalmente de acuerdo;Totalmente de acuerdo;Totalmente de acuerdo;Totalmente de acuerdo;De acuerdo;De acuerdo;Totalmente de acuerdo;Neutral;Totalmente de acuerdo;Totalmente de acuerdo;Totalmente de acuerdo;Totalmente de acuerdo;Totalmente de acuerdo
ID-439;Ciencias médicas y de la salud;41;76;Masculino;Hombre;Pública;De acuerdo;De acuerdo;De acuerdo;De acuerdo;Totalmente de acuerdo;De acuerdo;De acuerdo;Totalmente de acuerdo;De acuerdo;De acuerdo;De acuerdo;De acuerdo;De acuerdo;De acuerdo;De acuerdo;De acuerdo;Totalmente de acuerdo;Totalmente de acuerdo;Totalmente de acuerdo;Neutral;De acuerdo;Neutral;De acuerdo;De acuerdo;De acuerdo
ID-440;Ciencias médicas y de la salud;20;52;Masculino;Hombre;Pública;De acuerdo;Neutral;Neutral;Neutral;Totalmente de acuerdo;Totalmente de acuerdo;De acuerdo;Totalmente de acuerdo;Totalmente de acuerdo;De acuerdo;De acuerdo;De acuerdo;Neutral;Totalmente de acuerdo;Totalmente de acuerdo;Totalmente de acuerdo;Totalmente de acuerdo;Totalmente de acuerdo;Totalmente de acuerdo;Totalmente en desacuerdo;De acuerdo;Neutral;De acuerdo;De acuerdo;De acuerdo
ID-441;Ciencias médicas y de la salud;10;44;Femenino;Mujer;Pública;Totalmente de acuerdo;Totalmente de acuerdo;De acuerdo;De acuerdo;Totalmente de acuerdo;Neutral;En desacuerdo;De acuerdo;Totalmente de acuerdo;Totalmente de acuerdo;Totalmente de acuerdo;Totalmente de acuerdo;De acuerdo;Totalmente de acuerdo;De acuerdo;De acuerdo;Totalmente de acuerdo;Totalmente de acuerdo;Totalmente de acuerdo;De acuerdo;Totalmente de acuerdo;Totalmente de acuerdo;En desacuerdo;Totalmente de acuerdo;Totalmente de acuerdo
ID-442;Ciencias médicas y de la salud;15;44;Masculino;Hombre;Pública;De acuerdo;De acuerdo;De acuerdo;De acuerdo;De acuerdo;De acuerdo;De acuerdo;De acuerdo;Totalmente de acuerdo;De acuerdo;De acuerdo;Neutral;Neutral;De acuerdo;De acuerdo;De acuerdo;De acuerdo;De acuerdo;De acuerdo;De acuerdo;De acuerdo;Neutral;De acuerdo;Neutral;Totalmente de acuerdo
ID-443;Ingeniería y tecnología;25;48;Femenino;Mujer;Privada;De acuerdo;En desacuerdo;En desacuerdo;En desacuerdo;De acuerdo;Neutral;Neutral;Neutral;De acuerdo;Neutral;Neutral;Neutral;De acuerdo;De acuerdo;Neutral;De acuerdo;Neutral;De acuerdo;De acuerdo;Neutral;De acuerdo;Neutral;De acuerdo;Neutral;De acuerdo
ID-444;Humanidades;6;48;Femenino;Mujer;Privada;Neutral;Neutral;Neutral;Neutral;Totalmente de acuerdo;De acuerdo;Neutral;Neutral;Totalmente de acuerdo;Totalmente de acuerdo;Totalmente de acuerdo;Totalmente de acuerdo;De acuerdo;Totalmente de acuerdo;Totalmente de acuerdo;Totalmente de acuerdo;Totalmente de acuerdo;Totalmente de acuerdo;Totalmente de acuerdo;Neutral;Totalmente de acuerdo;Totalmente de acuerdo;Totalmente de acuerdo;Totalmente de acuerdo;Totalmente de acuerdo
ID-445;Ingeniería y tecnología;18;51;Femenino;Mujer;Privada;Totalmente de acuerdo;Totalmente de acuerdo;Totalmente de acuerdo;Totalmente de acuerdo;Totalmente de acuerdo;Totalmente de acuerdo;De acuerdo;Totalmente de acuerdo;Totalmente de acuerdo;Totalmente de acuerdo;Totalmente de acuerdo;Totalmente de acuerdo;Neutral;Totalmente de acuerdo;Totalmente de acuerdo;Totalmente de acuerdo;Totalmente de acuerdo;Totalmente de acuerdo;Totalmente de acuerdo;Totalmente de acuerdo;Totalmente de acuerdo;Totalmente de acuerdo;Neutral;Totalmente de acuerdo;Totalmente de acuerdo
ID-446;Ciencias médicas y de la salud;15;52;Femenino;Mujer;Pública;De acuerdo;De acuerdo;De acuerdo;De acuerdo;De acuerdo;Neutral;Totalmente de acuerdo;Totalmente de acuerdo;Totalmente de acuerdo;De acuerdo;De acuerdo;De acuerdo;Neutral;De acuerdo;De acuerdo;De acuerdo;De acuerdo;De acuerdo;De acuerdo;Neutral;De acuerdo;De acuerdo;De acuerdo;De acuerdo;De acuerdo
ID-447;Ciencias agrícolas;20;42;Masculino;Hombre;Privada;Neutral;Neutral;Neutral;Neutral;Neutral;Neutral;Neutral;Neutral;Neutral;Neutral;Neutral;Neutral;Neutral;Neutral;Neutral;Neutral;Neutral;Neutral;Neutral;Neutral;Neutral;Neutral;Neutral;Neutral;Neutral
ID-448;Ingeniería y tecnología;10;54;Femenino;Mujer;Privada;De acuerdo;De acuerdo;De acuerdo;De acuerdo;De acuerdo;De acuerdo;De acuerdo;De acuerdo;De acuerdo;Totalmente de acuerdo;Totalmente de acuerdo;Totalmente de acuerdo;De acuerdo;De acuerdo;De acuerdo;De acuerdo;Totalmente de acuerdo;Totalmente de acuerdo;Totalmente de acuerdo;De acuerdo;De acuerdo;De acuerdo;Totalmente de acuerdo;Totalmente de acuerdo;Totalmente de acuerdo
ID-449;Ciencias médicas y de la salud;22;50;Masculino;Hombre;Pública;De acuerdo;De acuerdo;De acuerdo;De acuerdo;De acuerdo;En desacuerdo;Neutral;De acuerdo;De acuerdo;De acuerdo;De acuerdo;De acuerdo;De acuerdo;De acuerdo;De acuerdo;De acuerdo;De acuerdo;De acuerdo;De acuerdo;De acuerdo;De acuerdo;De acuerdo;En desacuerdo;De acuerdo;De acuerdo
ID-450;Ciencias médicas y de la salud;14;45;Masculino;Hombre;Pública;De acuerdo;De acuerdo;De acuerdo;De acuerdo;De acuerdo;Totalmente de acuerdo;Totalmente de acuerdo;Totalmente de acuerdo;Totalmente de acuerdo;Neutral;Neutral;Neutral;De acuerdo;Totalmente de acuerdo;Totalmente de acuerdo;Totalmente de acuerdo;Totalmente de acuerdo;Totalmente de acuerdo;Totalmente de acuerdo;Neutral;De acuerdo;Neutral;De acuerdo;Neutral;Totalmente de acuerdo
ID-451;Ciencias médicas y de la salud;20;52;Femenino;Mujer;Pública;De acuerdo;De acuerdo;De acuerdo;Neutral;Totalmente de acuerdo;Totalmente de acuerdo;Totalmente de acuerdo;Totalmente de acuerdo;Totalmente de acuerdo;De acuerdo;De acuerdo;De acuerdo;Neutral;Totalmente de acuerdo;Totalmente de acuerdo;Totalmente de acuerdo;Totalmente de acuerdo;Totalmente de acuerdo;Totalmente de acuerdo;Totalmente en desacuerdo;De acuerdo;Neutral;Totalmente de acuerdo;De acuerdo;De acuerdo
ID-452;Ciencias médicas y de la salud;21;49;Femenino;Mujer;Pública;En desacuerdo;En desacuerdo;En desacuerdo;En desacuerdo;De acuerdo;De acuerdo;De acuerdo;De acuerdo;De acuerdo;De acuerdo;De acuerdo;Neutral;De acuerdo;De acuerdo;De acuerdo;De acuerdo;Neutral;Neutral;De acuerdo;Totalmente en desacuerdo;De acuerdo;Neutral;De acuerdo;De acuerdo;De acuerdo
ID-453;Ciencias médicas y de la salud;28;56;Femenino;Mujer;Privada;Totalmente en desacuerdo;Totalmente en desacuerdo;Totalmente en desacuerdo;Totalmente en desacuerdo;Totalmente en desacuerdo;En desacuerdo;En desacuerdo;En desacuerdo;En desacuerdo;Totalmente en desacuerdo;Totalmente en desacuerdo;Totalmente en desacuerdo;Totalmente en desacuerdo;Totalmente en desacuerdo;Totalmente en desacuerdo;Totalmente en desacuerdo;Totalmente en desacuerdo;Totalmente en desacuerdo;Totalmente en desacuerdo;Totalmente en desacuerdo;Totalmente en desacuerdo;Totalmente en desacuerdo;Totalmente en desacuerdo;Totalmente en desacuerdo;Totalmente en desacuerdo
ID-454;Ciencias médicas y de la salud;7;38;Femenino;Mujer;Pública;Totalmente de acuerdo;En desacuerdo;En desacuerdo;En desacuerdo;De acuerdo;De acuerdo;De acuerdo;De acuerdo;De acuerdo;En desacuerdo;De acuerdo;De acuerdo;De acuerdo;Neutral;En desacuerdo;De acuerdo;De acuerdo;De acuerdo;De acuerdo;En desacuerdo;De acuerdo;De acuerdo;De acuerdo;Neutral;Totalmente de acuerdo
ID-455;Ciencias médicas y de la salud;6;42;Femenino;Mujer;Pública;Neutral;Neutral;Neutral;De acuerdo;De acuerdo;De acuerdo;De acuerdo;De acuerdo;De acuerdo;De acuerdo;Neutral;De acuerdo;De acuerdo;De acuerdo;De acuerdo;De acuerdo;Neutral;De acuerdo;De acuerdo;En desacuerdo;Neutral;Neutral;De acuerdo;Neutral;De acuerdo
ID-456;Ciencias médicas y de la salud;16;59;Femenino;Mujer;Pública;De acuerdo;Totalmente en desacuerdo;En desacuerdo;Totalmente en desacuerdo;De acuerdo;De acuerdo;De acuerdo;Totalmente de acuerdo;Totalmente de acuerdo;De acuerdo;De acuerdo;De acuerdo;Neutral;Totalmente de acuerdo;Totalmente de acuerdo;Totalmente de acuerdo;De acuerdo;De acuerdo;De acuerdo;En desacuerdo;De acuerdo;De acuerdo;De acuerdo;De acuerdo;De acuerdo
ID-457;Ciencias médicas y de la salud;10;40;Femenino;Mujer;Pública;De acuerdo;De acuerdo;De acuerdo;De acuerdo;Neutral;Totalmente de acuerdo;De acuerdo;De acuerdo;De acuerdo;Totalmente de acuerdo;Totalmente de acuerdo;De acuerdo;De acuerdo;De acuerdo;De acuerdo;De acuerdo;De acuerdo;De acuerdo;De acuerdo;Neutral;De acuerdo;Neutral;De acuerdo;Neutral;De acuerdo
ID-458;Ciencias médicas y de la salud;2;30;Femenino;Mujer;Privada;De acuerdo;De acuerdo;De acuerdo;De acuerdo;De acuerdo;Totalmente de acuerdo;Totalmente de acuerdo;Totalmente de acuerdo;Totalmente de acuerdo;De acuerdo;De acuerdo;De acuerdo;Neutral;Totalmente de acuerdo;De acuerdo;De acuerdo;Totalmente de acuerdo;Totalmente de acuerdo;Totalmente de acuerdo;Neutral;Totalmente de acuerdo;Totalmente de acuerdo;Totalmente de acuerdo;De acuerdo;De acuerdo
ID-459;Ciencias médicas y de la salud;15;44;Femenino;Mujer;Privada;De acuerdo;De acuerdo;De acuerdo;De acuerdo;Totalmente de acuerdo;Neutral;Totalmente de acuerdo;Totalmente de acuerdo;Totalmente de acuerdo;Totalmente de acuerdo;Totalmente de acuerdo;Totalmente de acuerdo;En desacuerdo;Totalmente de acuerdo;Totalmente de acuerdo;Totalmente de acuerdo;Totalmente de acuerdo;Totalmente de acuerdo;Totalmente de acuerdo;De acuerdo;De acuerdo;Totalmente de acuerdo;Neutral;Totalmente de acuerdo;Totalmente de acuerdo
ID-460;Ciencias sociales;16;55;Masculino;Hombre;Privada;De acuerdo;Neutral;De acuerdo;De acuerdo;Neutral;Totalmente en desacuerdo;De acuerdo;De acuerdo;De acuerdo;Neutral;De acuerdo;De acuerdo;De acuerdo;De acuerdo;De acuerdo;De acuerdo;De acuerdo;De acuerdo;De acuerdo;Neutral;De acuerdo;Neutral;Neutral;Neutral;Neutral
ID-461;Ciencias médicas y de la salud;24;54;Femenino;Mujer;Privada;De acuerdo;De acuerdo;De acuerdo;De acuerdo;De acuerdo;De acuerdo;De acuerdo;De acuerdo;De acuerdo;Neutral;Neutral;Neutral;De acuerdo;De acuerdo;De acuerdo;De acuerdo;De acuerdo;De acuerdo;Totalmente de acuerdo;De acuerdo;De acuerdo;Neutral;Totalmente de acuerdo;Neutral;De acuerdo
ID-462;Ciencias sociales;18;56;Femenino;Mujer;Privada;De acuerdo;De acuerdo;De acuerdo;De acuerdo;De acuerdo;Totalmente de acuerdo;De acuerdo;Totalmente de acuerdo;Totalmente de acuerdo;Neutral;Neutral;En desacuerdo;Totalmente de acuerdo;Neutral;Neutral;Totalmente de acuerdo;Neutral;Neutral;Neutral;Totalmente en desacuerdo;De acuerdo;Neutral;De acuerdo;De acuerdo;Totalmente de acuerdo
ID-463;Ingeniería y tecnología;1;31;Masculino;Hombre;Privada;De acuerdo;De acuerdo;De acuerdo;Neutral;Totalmente de acuerdo;Totalmente de acuerdo;De acuerdo;Totalmente de acuerdo;Totalmente de acuerdo;Totalmente en desacuerdo;Totalmente en desacuerdo;Totalmente de acuerdo;De acuerdo;Totalmente en desacuerdo;Totalmente de acuerdo;Totalmente de acuerdo;Totalmente de acuerdo;De acuerdo;De acuerdo;Neutral;Totalmente de acuerdo;Totalmente de acuerdo;Neutral;Totalmente en desacuerdo;Totalmente de acuerdo
ID-464;Ciencias médicas y de la salud;3;36;Femenino;Mujer;Privada;Neutral;Neutral;Neutral;Neutral;De acuerdo;De acuerdo;De acuerdo;De acuerdo;De acuerdo;Totalmente de acuerdo;Totalmente de acuerdo;Totalmente de acuerdo;Totalmente de acuerdo;Totalmente de acuerdo;Totalmente de acuerdo;Totalmente de acuerdo;Totalmente de acuerdo;Totalmente de acuerdo;Totalmente de acuerdo;Neutral;Neutral;Neutral;Neutral;De acuerdo;De acuerdo
ID-465;Humanidades;15;39;Femenino;Mujer;Privada;Neutral;Neutral;Neutral;Neutral;Totalmente de acuerdo;Totalmente de acuerdo;Totalmente de acuerdo;Totalmente de acuerdo;Totalmente de acuerdo;De acuerdo;Neutral;De acuerdo;Neutral;Totalmente de acuerdo;Totalmente de acuerdo;Totalmente de acuerdo;Totalmente de acuerdo;Totalmente de acuerdo;Totalmente de acuerdo;En desacuerdo;Totalmente de acuerdo;Neutral;De acuerdo;De acuerdo;Totalmente de acuerdo
ID-466;Humanidades;18;56;Femenino;Mujer;Privada;En desacuerdo;En desacuerdo;Neutral;Neutral;Neutral;De acuerdo;De acuerdo;De acuerdo;De acuerdo;En desacuerdo;En desacuerdo;Neutral;Neutral;De acuerdo;De acuerdo;Totalmente de acuerdo;Neutral;De acuerdo;De acuerdo;Totalmente en desacuerdo;Neutral;Neutral;De acuerdo;Neutral;De acuerdo
ID-467;Ciencias médicas y de la salud;10;29;Femenino;Mujer;Privada;De acuerdo;De acuerdo;De acuerdo;De acuerdo;Totalmente de acuerdo;De acuerdo;Neutral;De acuerdo;Totalmente de acuerdo;De acuerdo;De acuerdo;Totalmente de acuerdo;De acuerdo;Totalmente de acuerdo;Totalmente de acuerdo;Totalmente de acuerdo;Neutral;Totalmente de acuerdo;Totalmente de acuerdo;De acuerdo;De acuerdo;Totalmente de acuerdo;De acuerdo;Totalmente de acuerdo;Totalmente de acuerdo
ID-468;Ciencias médicas y de la salud;10;29;Femenino;Mujer;Privada;De acuerdo;De acuerdo;De acuerdo;De acuerdo;De acuerdo;Neutral;De acuerdo;De acuerdo;De acuerdo;De acuerdo;De acuerdo;De acuerdo;De acuerdo;Totalmente de acuerdo;De acuerdo;De acuerdo;Neutral;De acuerdo;De acuerdo;De acuerdo;De acuerdo;De acuerdo;Neutral;De acuerdo;De acuerdo
ID-469;Ciencias médicas y de la salud;8;45;Masculino;Hombre;Privada;Totalmente en desacuerdo;Totalmente en desacuerdo;Totalmente en desacuerdo;Totalmente en desacuerdo;Totalmente en desacuerdo;Totalmente en desacuerdo;Totalmente en desacuerdo;Totalmente en desacuerdo;Totalmente en desacuerdo;Totalmente en desacuerdo;Totalmente en desacuerdo;En desacuerdo;Totalmente en desacuerdo;Totalmente en desacuerdo;En desacuerdo;Totalmente en desacuerdo;Totalmente en desacuerdo;En desacuerdo;En desacuerdo;Totalmente en desacuerdo;Totalmente en desacuerdo;En desacuerdo;En desacuerdo;Totalmente en desacuerdo;En desacuerdo
ID-470;Ciencias sociales;8;32;Femenino;Mujer;Privada;De acuerdo;De acuerdo;De acuerdo;De acuerdo;De acuerdo;De acuerdo;En desacuerdo;Neutral;Totalmente de acuerdo;Totalmente de acuerdo;Totalmente de acuerdo;Totalmente de acuerdo;De acuerdo;Totalmente de acuerdo;Totalmente de acuerdo;Totalmente de acuerdo;Totalmente de acuerdo;Totalmente de acuerdo;De acuerdo;De acuerdo;De acuerdo;Totalmente de acuerdo;Totalmente de acuerdo;De acuerdo;Totalmente de acuerdo
ID-471;Humanidades;8;50;Masculino;Hombre;Privada;De acuerdo;Neutral;Neutral;De acuerdo;Neutral;De acuerdo;Neutral;De acuerdo;Totalmente de acuerdo;Totalmente de acuerdo;Totalmente de acuerdo;De acuerdo;Neutral;Totalmente de acuerdo;Totalmente de acuerdo;Totalmente de acuerdo;Totalmente de acuerdo;Totalmente de acuerdo;Totalmente de acuerdo;En desacuerdo;Totalmente de acuerdo;Totalmente de acuerdo;Neutral;Totalmente de acuerdo;Totalmente de acuerdo
ID-472;Ciencias médicas y de la salud;6;41;Femenino;Mujer;Privada;Neutral;De acuerdo;De acuerdo;De acuerdo;De acuerdo;De acuerdo;De acuerdo;De acuerdo;Neutral;Neutral;De acuerdo;Neutral;Neutral;Neutral;Neutral;Neutral;De acuerdo;De acuerdo;De acuerdo;Neutral;De acuerdo;Neutral;Neutral;Neutral;Neutral
ID-473;Ciencias médicas y de la salud;30;64;Femenino;Mujer;Privada;De acuerdo;De acuerdo;De acuerdo;En desacuerdo;Totalmente de acuerdo;Totalmente de acuerdo;Neutral;De acuerdo;Totalmente de acuerdo;Totalmente de acuerdo;Totalmente de acuerdo;De acuerdo;Neutral;Totalmente de acuerdo;Totalmente de acuerdo;De acuerdo;Totalmente de acuerdo;Totalmente de acuerdo;Totalmente de acuerdo;Neutral;De acuerdo;De acuerdo;Totalmente de acuerdo;Totalmente de acuerdo;Totalmente de acuerdo
ID-474;Ciencias médicas y de la salud;11;40;Femenino;Mujer;Pública;En desacuerdo;Neutral;Neutral;Neutral;De acuerdo;De acuerdo;De acuerdo;De acuerdo;Totalmente de acuerdo;De acuerdo;Neutral;Neutral;Neutral;De acuerdo;De acuerdo;Totalmente de acuerdo;Neutral;De acuerdo;De acuerdo;Totalmente en desacuerdo;De acuerdo;De acuerdo;De acuerdo;De acuerdo;De acuerdo
ID-475;Ciencias médicas y de la salud;10;33;Femenino;Mujer;Privada;De acuerdo;De acuerdo;Neutral;De acuerdo;De acuerdo;De acuerdo;De acuerdo;De acuerdo;Totalmente de acuerdo;De acuerdo;De acuerdo;De acuerdo;En desacuerdo;Totalmente de acuerdo;De acuerdo;De acuerdo;De acuerdo;Totalmente de acuerdo;De acuerdo;Totalmente de acuerdo;De acuerdo;Neutral;Totalmente de acuerdo;De acuerdo;De acuerdo
ID-476;Ciencias médicas y de la salud;8;33;Femenino;Mujer;Privada;De acuerdo;De acuerdo;De acuerdo;De acuerdo;Neutral;Neutral;Neutral;Neutral;Neutral;En desacuerdo;Neutral;Neutral;Neutral;Neutral;Neutral;De acuerdo;Neutral;De acuerdo;De acuerdo;En desacuerdo;De acuerdo;De acuerdo;Neutral;De acuerdo;De acuerdo
ID-477;Ciencias médicas y de la salud;26;50;Femenino;Mujer;Privada;Totalmente de acuerdo;De acuerdo;De acuerdo;De acuerdo;De acuerdo;De acuerdo;De acuerdo;En desacuerdo;Totalmente de acuerdo;Totalmente de acuerdo;De acuerdo;Neutral;En desacuerdo;Totalmente de acuerdo;Totalmente de acuerdo;Totalmente de acuerdo;Totalmente de acuerdo;Totalmente de acuerdo;Totalmente de acuerdo;Totalmente de acuerdo;Totalmente de acuerdo;Totalmente de acuerdo;Totalmente de acuerdo;Totalmente de acuerdo;Totalmente de acuerdo
ID-478;Ciencias médicas y de la salud;7;36;Femenino;Mujer;Privada;Totalmente de acuerdo;Totalmente de acuerdo;Totalmente de acuerdo;Totalmente de acuerdo;De acuerdo;De acuerdo;De acuerdo;De acuerdo;De acuerdo;Totalmente de acuerdo;Totalmente de acuerdo;Totalmente de acuerdo;De acuerdo;Totalmente de acuerdo;Totalmente de acuerdo;Totalmente de acuerdo;Totalmente de acuerdo;Totalmente de acuerdo;Totalmente de acuerdo;Totalmente de acuerdo;Totalmente de acuerdo;Totalmente de acuerdo;De acuerdo;Totalmente en desacuerdo;Totalmente en desacuerdo
ID-479;Ciencias médicas y de la salud;25;52;Femenino;Mujer;Privada;De acuerdo;Neutral;De acuerdo;Neutral;Neutral;De acuerdo;De acuerdo;De acuerdo;De acuerdo;En desacuerdo;Neutral;Neutral;Neutral;De acuerdo;Neutral;Totalmente de acuerdo;Neutral;De acuerdo;Neutral;Totalmente en desacuerdo;Neutral;Neutral;De acuerdo;En desacuerdo;De acuerdo
ID-480;Ciencias médicas y de la salud;2;32;Femenino;Mujer;Privada;De acuerdo;De acuerdo;De acuerdo;Neutral;Neutral;De acuerdo;Neutral;De acuerdo;De acuerdo;Totalmente de acuerdo;Totalmente de acuerdo;Totalmente de acuerdo;Neutral;Totalmente de acuerdo;Totalmente de acuerdo;Totalmente de acuerdo;Totalmente de acuerdo;Totalmente de acuerdo;Totalmente de acuerdo;Totalmente de acuerdo;Totalmente de acuerdo;Totalmente de acuerdo;Totalmente de acuerdo;Totalmente de acuerdo;Totalmente de acuerdo
ID-481;Ciencias médicas y de la salud;23;48;Femenino;Mujer;Privada;De acuerdo;De acuerdo;De acuerdo;Totalmente de acuerdo;Neutral;De acuerdo;De acuerdo;De acuerdo;De acuerdo;De acuerdo;De acuerdo;Neutral;Totalmente en desacuerdo;De acuerdo;De acuerdo;De acuerdo;Totalmente de acuerdo;Totalmente de acuerdo;Totalmente de acuerdo;De acuerdo;De acuerdo;De acuerdo;Neutral;De acuerdo;De acuerdo
ID-482;Ciencias médicas y de la salud;6;34;Femenino;Mujer;Privada;Neutral;Neutral;Neutral;Neutral;En desacuerdo;Neutral;En desacuerdo;Neutral;De acuerdo;De acuerdo;De acuerdo;De acuerdo;De acuerdo;De acuerdo;De acuerdo;De acuerdo;De acuerdo;De acuerdo;De acuerdo;Neutral;Totalmente de acuerdo;De acuerdo;De acuerdo;Totalmente de acuerdo;De acuerdo
ID-483;Ciencias médicas y de la salud;35;35;Femenino;Mujer;Pública;En desacuerdo;Neutral;Neutral;En desacuerdo;De acuerdo;Totalmente de acuerdo;Neutral;De acuerdo;Totalmente de acuerdo;Neutral;Neutral;Neutral;De acuerdo;De acuerdo;De acuerdo;De acuerdo;De acuerdo;De acuerdo;De acuerdo;Totalmente en desacuerdo;En desacuerdo;En desacuerdo;De acuerdo;De acuerdo;De acuerdo
ID-484;Ciencias médicas y de la salud;30;60;Femenino;Mujer;Privada;De acuerdo;De acuerdo;En desacuerdo;Neutral;En desacuerdo;Neutral;Neutral;De acuerdo;Totalmente de acuerdo;Neutral;De acuerdo;De acuerdo;Neutral;De acuerdo;De acuerdo;De acuerdo;De acuerdo;Neutral;De acuerdo;Neutral;Neutral;Neutral;Neutral;De acuerdo;De acuerdo
ID-485;Ciencias médicas y de la salud;35;59;Femenino;Mujer;Pública;De acuerdo;De acuerdo;De acuerdo;De acuerdo;De acuerdo;De acuerdo;De acuerdo;De acuerdo;Totalmente de acuerdo;De acuerdo;De acuerdo;De acuerdo;De acuerdo;Totalmente de acuerdo;Totalmente de acuerdo;Totalmente de acuerdo;Totalmente de acuerdo;Totalmente de acuerdo;Totalmente de acuerdo;Neutral;De acuerdo;De acuerdo;De acuerdo;De acuerdo;Totalmente de acuerdo
ID-486;Ciencias médicas y de la salud;28;55;Femenino;Mujer;Privada;De acuerdo;De acuerdo;De acuerdo;De acuerdo;De acuerdo;Neutral;En desacuerdo;Neutral;De acuerdo;Totalmente de acuerdo;Totalmente de acuerdo;Totalmente de acuerdo;De acuerdo;Totalmente de acuerdo;Totalmente de acuerdo;Totalmente de acuerdo;Totalmente de acuerdo;Totalmente de acuerdo;Totalmente de acuerdo;Neutral;Totalmente de acuerdo;Totalmente de acuerdo;De acuerdo;Totalmente de acuerdo;Totalmente de acuerdo
ID-487;Ciencias médicas y de la salud;18;48;Femenino;Mujer;Privada;Neutral;Neutral;Neutral;Neutral;De acuerdo;Neutral;Totalmente de acuerdo;Totalmente de acuerdo;Totalmente de acuerdo;En desacuerdo;En desacuerdo;En desacuerdo;En desacuerdo;Neutral;Neutral;Neutral;En desacuerdo;En desacuerdo;En desacuerdo;En desacuerdo;En desacuerdo;En desacuerdo;En desacuerdo;De acuerdo;Neutral
ID-488;Ciencias médicas y de la salud;4;38;Femenino;Mujer;Privada;Neutral;Neutral;Neutral;Neutral;Neutral;Neutral;Neutral;Neutral;Neutral;Totalmente de acuerdo;Totalmente de acuerdo;Totalmente de acuerdo;Totalmente de acuerdo;Totalmente de acuerdo;Totalmente de acuerdo;Totalmente de acuerdo;Totalmente de acuerdo;Totalmente de acuerdo;Totalmente de acuerdo;Totalmente de acuerdo;Totalmente de acuerdo;Totalmente de acuerdo;Totalmente de acuerdo;Totalmente de acuerdo;Totalmente de acuerdo
ID-489;Ciencias médicas y de la salud;1;27;Femenino;Mujer;Privada;Neutral;Neutral;De acuerdo;Neutral;Totalmente de acuerdo;Totalmente de acuerdo;Totalmente de acuerdo;Totalmente de acuerdo;Totalmente de acuerdo;De acuerdo;De acuerdo;De acuerdo;Totalmente de acuerdo;De acuerdo;Totalmente de acuerdo;Totalmente de acuerdo;De acuerdo;Totalmente de acuerdo;Totalmente de acuerdo;En desacuerdo;De acuerdo;En desacuerdo;Totalmente de acuerdo;Totalmente de acuerdo;Totalmente de acuerdo
ID-490;Ciencias médicas y de la salud;30;62;Femenino;Mujer;Privada;De acuerdo;Neutral;De acuerdo;Neutral;De acuerdo;De acuerdo;De acuerdo;De acuerdo;De acuerdo;En desacuerdo;Neutral;Neutral;Neutral;En desacuerdo;Neutral;En desacuerdo;Neutral;Neutral;Neutral;Neutral;Neutral;Neutral;De acuerdo;Neutral;Neutral
ID-491;Ciencias médicas y de la salud;8;31;Masculino;Hombre;Privada;Totalmente de acuerdo;Totalmente de acuerdo;Totalmente de acuerdo;Neutral;Totalmente de acuerdo;Totalmente de acuerdo;Totalmente de acuerdo;De acuerdo;De acuerdo;Totalmente de acuerdo;Totalmente de acuerdo;Totalmente en desacuerdo;Totalmente de acuerdo;De acuerdo;Totalmente de acuerdo;Totalmente de acuerdo;Totalmente en desacuerdo;Totalmente de acuerdo;Totalmente de acuerdo;Totalmente en desacuerdo;Totalmente de acuerdo;Neutral;Totalmente de acuerdo;En desacuerdo;En desacuerdo
ID-492;Ciencias médicas y de la salud;5;47;Femenino;Mujer;Privada;Neutral;Neutral;De acuerdo;De acuerdo;De acuerdo;De acuerdo;De acuerdo;De acuerdo;Neutral;Neutral;De acuerdo;De acuerdo;De acuerdo;Neutral;De acuerdo;De acuerdo;De acuerdo;De acuerdo;De acuerdo;De acuerdo;De acuerdo;De acuerdo;De acuerdo;Neutral;De acuerdo
ID-493;Ciencias sociales;18;41;Masculino;Hombre;Privada;De acuerdo;De acuerdo;De acuerdo;Neutral;De acuerdo;De acuerdo;De acuerdo;De acuerdo;De acuerdo;Neutral;De acuerdo;Neutral;De acuerdo;De acuerdo;De acuerdo;De acuerdo;Neutral;De acuerdo;Neutral;De acuerdo;De acuerdo;De acuerdo;De acuerdo;Neutral;De acuerdo
ID-494;Ciencias médicas y de la salud;6;40;Masculino;Hombre;Pública;De acuerdo;De acuerdo;De acuerdo;De acuerdo;De acuerdo;Neutral;Neutral;De acuerdo;De acuerdo;De acuerdo;De acuerdo;De acuerdo;Neutral;De acuerdo;De acuerdo;De acuerdo;De acuerdo;De acuerdo;De acuerdo;Neutral;De acuerdo;De acuerdo;De acuerdo;De acuerdo;De acuerdo
ID-495;Ciencias médicas y de la salud;28;52;Femenino;Mujer;Pública;De acuerdo;Neutral;De acuerdo;De acuerdo;De acuerdo;De acuerdo;De acuerdo;De acuerdo;De acuerdo;De acuerdo;De acuerdo;De acuerdo;Neutral;Totalmente de acuerdo;Totalmente de acuerdo;Totalmente de acuerdo;Totalmente de acuerdo;Totalmente de acuerdo;Totalmente de acuerdo;Totalmente en desacuerdo;De acuerdo;Totalmente de acuerdo;De acuerdo;Totalmente de acuerdo;Totalmente de acuerdo
ID-496;Ciencias médicas y de la salud;29;58;Femenino;Mujer;Pública;Neutral;Neutral;De acuerdo;En desacuerdo;En desacuerdo;En desacuerdo;En desacuerdo;De acuerdo;De acuerdo;Totalmente de acuerdo;De acuerdo;Totalmente de acuerdo;Totalmente de acuerdo;Totalmente de acuerdo;Totalmente de acuerdo;Totalmente de acuerdo;Totalmente de acuerdo;Totalmente de acuerdo;Totalmente de acuerdo;En desacuerdo;Totalmente de acuerdo;Neutral;Neutral;Neutral;Neutral
ID-497;Ciencias médicas y de la salud;30;60;Femenino;Mujer;Pública;Totalmente de acuerdo;De acuerdo;Neutral;Totalmente de acuerdo;Totalmente de acuerdo;Totalmente de acuerdo;Totalmente de acuerdo;Totalmente de acuerdo;Totalmente de acuerdo;Totalmente de acuerdo;Totalmente de acuerdo;Totalmente de acuerdo;De acuerdo;De acuerdo;Totalmente de acuerdo;Totalmente de acuerdo;De acuerdo;Totalmente de acuerdo;Totalmente de acuerdo;Totalmente de acuerdo;Totalmente de acuerdo;Totalmente de acuerdo;Totalmente de acuerdo;Totalmente de acuerdo;Totalmente de acuerdo
ID-498;Humanidades;6;29;Femenino;Mujer;Pública;Totalmente de acuerdo;Totalmente de acuerdo;Totalmente de acuerdo;Totalmente de acuerdo;Neutral;Neutral;En desacuerdo;Neutral;De acuerdo;Totalmente de acuerdo;Totalmente de acuerdo;Totalmente de acuerdo;Totalmente de acuerdo;Totalmente de acuerdo;Totalmente de acuerdo;Totalmente de acuerdo;Totalmente de acuerdo;Totalmente de acuerdo;Totalmente de acuerdo;Totalmente de acuerdo;Totalmente de acuerdo;Totalmente de acuerdo;Totalmente de acuerdo;Totalmente de acuerdo;Totalmente de acuerdo
ID-499;Ciencias médicas y de la salud;3;38;Femenino;Mujer;Privada;En desacuerdo;En desacuerdo;En desacuerdo;En desacuerdo;De acuerdo;De acuerdo;De acuerdo;De acuerdo;Totalmente de acuerdo;De acuerdo;De acuerdo;De acuerdo;Neutral;De acuerdo;Totalmente de acuerdo;Totalmente de acuerdo;Totalmente de acuerdo;Totalmente de acuerdo;Totalmente de acuerdo;Totalmente en desacuerdo;De acuerdo;De acuerdo;Neutral;Neutral;De acuerdo
ID-500;Ingeniería y tecnología;9;53;Femenino;Mujer;Privada;Totalmente en desacuerdo;En desacuerdo;Totalmente en desacuerdo;Totalmente en desacuerdo;De acuerdo;De acuerdo;De acuerdo;De acuerdo;De acuerdo;De acuerdo;De acuerdo;De acuerdo;De acuerdo;De acuerdo;De acuerdo;De acuerdo;De acuerdo;De acuerdo;De acuerdo;En desacuerdo;De acuerdo;De acuerdo;De acuerdo;De acuerdo;De acuerdo
ID-501;Ciencias sociales;26;64;Femenino;Mujer;Pública;Totalmente de acuerdo;De acuerdo;De acuerdo;Neutral;Totalmente de acuerdo;Totalmente en desacuerdo;De acuerdo;De acuerdo;De acuerdo;Totalmente de acuerdo;Totalmente de acuerdo;Totalmente de acuerdo;De acuerdo;Totalmente de acuerdo;Totalmente de acuerdo;Totalmente de acuerdo;Totalmente de acuerdo;Totalmente de acuerdo;Totalmente de acuerdo;Totalmente en desacuerdo;Totalmente de acuerdo;Totalmente de acuerdo;De acuerdo;En desacuerdo;De acuerdo
ID-502;Ciencias sociales;20;68;Masculino;Hombre;Privada;En desacuerdo;De acuerdo;Neutral;Neutral;De acuerdo;De acuerdo;De acuerdo;De acuerdo;Totalmente de acuerdo;De acuerdo;De acuerdo;De acuerdo;Neutral;De acuerdo;De acuerdo;De acuerdo;De acuerdo;De acuerdo;De acuerdo;Neutral;Neutral;Neutral;De acuerdo;De acuerdo;De acuerdo
ID-503;Ingeniería y tecnología;14;50;Masculino;Hombre;Pública;Totalmente de acuerdo;Totalmente de acuerdo;Totalmente de acuerdo;Totalmente de acuerdo;Totalmente de acuerdo;Totalmente de acuerdo;Neutral;Neutral;Neutral;Totalmente de acuerdo;Totalmente de acuerdo;Totalmente de acuerdo;Neutral;Totalmente de acuerdo;Totalmente de acuerdo;De acuerdo;Totalmente de acuerdo;En desacuerdo;Totalmente de acuerdo;Totalmente de acuerdo;Totalmente de acuerdo;Totalmente de acuerdo;Neutral;Totalmente de acuerdo;Totalmente de acuerdo
ID-504;Ingeniería y tecnología;10;44;Femenino;Mujer;Privada;De acuerdo;De acuerdo;Neutral;Neutral;De acuerdo;De acuerdo;De acuerdo;De acuerdo;De acuerdo;De acuerdo;Totalmente de acuerdo;Totalmente de acuerdo;De acuerdo;Totalmente de acuerdo;Totalmente de acuerdo;Totalmente de acuerdo;De acuerdo;De acuerdo;Neutral;De acuerdo;De acuerdo;Totalmente de acuerdo;De acuerdo;Neutral;De acuerdo
ID-505;Ciencias sociales;25;49;Femenino;Mujer;Privada;Neutral;Neutral;Neutral;Neutral;De acuerdo;De acuerdo;Neutral;De acuerdo;De acuerdo;Neutral;Neutral;Neutral;De acuerdo;De acuerdo;De acuerdo;De acuerdo;Neutral;Neutral;Neutral;Neutral;De acuerdo;Neutral;De acuerdo;De acuerdo;De acuerdo
ID-506;Ciencias médicas y de la salud;35;59;Femenino;Mujer;Privada;Neutral;Neutral;Neutral;Neutral;De acuerdo;De acuerdo;De acuerdo;De acuerdo;De acuerdo;De acuerdo;De acuerdo;De acuerdo;De acuerdo;De acuerdo;De acuerdo;De acuerdo;De acuerdo;De acuerdo;De acuerdo;De acuerdo;De acuerdo;De acuerdo;De acuerdo;De acuerdo;De acuerdo
ID-507;Ciencias médicas y de la salud;2;32;Femenino;Mujer;Privada;Totalmente de acuerdo;De acuerdo;De acuerdo;De acuerdo;De acuerdo;De acuerdo;Neutral;De acuerdo;Neutral;De acuerdo;Totalmente de acuerdo;Totalmente de acuerdo;Neutral;Totalmente de acuerdo;De acuerdo;Totalmente de acuerdo;Neutral;En desacuerdo;Neutral;Totalmente en desacuerdo;De acuerdo;De acuerdo;Neutral;De acuerdo;De acuerdo
ID-508;Ciencias sociales;7;57;Femenino;Mujer;Privada;De acuerdo;De acuerdo;De acuerdo;Neutral;De acuerdo;De acuerdo;De acuerdo;De acuerdo;De acuerdo;De acuerdo;De acuerdo;De acuerdo;Totalmente de acuerdo;Totalmente de acuerdo;Totalmente de acuerdo;Totalmente de acuerdo;De acuerdo;De acuerdo;Totalmente de acuerdo;Neutral;De acuerdo;De acuerdo;De acuerdo;De acuerdo;De acuerdo
ID-509;Ciencias médicas y de la salud;14;43;Femenino;Mujer;Privada;De acuerdo;De acuerdo;Neutral;De acuerdo;De acuerdo;Neutral;De acuerdo;De acuerdo;De acuerdo;De acuerdo;De acuerdo;De acuerdo;De acuerdo;De acuerdo;De acuerdo;De acuerdo;De acuerdo;De acuerdo;De acuerdo;Neutral;De acuerdo;Neutral;Neutral;De acuerdo;De acuerdo
ID-510;Ciencias sociales;8;32;Masculino;Hombre;Privada;Neutral;Neutral;Neutral;En desacuerdo;De acuerdo;De acuerdo;Neutral;De acuerdo;Totalmente de acuerdo;Neutral;Neutral;De acuerdo;De acuerdo;Totalmente de acuerdo;Totalmente de acuerdo;De acuerdo;Totalmente de acuerdo;Totalmente de acuerdo;Totalmente de acuerdo;Totalmente en desacuerdo;De acuerdo;De acuerdo;Totalmente de acuerdo;Neutral;Totalmente de acuerdo
ID-511;Ciencias sociales;17;43;Masculino;Hombre;Privada;Neutral;Neutral;Neutral;Neutral;Neutral;Neutral;Neutral;Neutral;Neutral;Totalmente en desacuerdo;Totalmente en desacuerdo;Totalmente en desacuerdo;Totalmente en desacuerdo;Totalmente en desacuerdo;Totalmente en desacuerdo;Totalmente en desacuerdo;Totalmente en desacuerdo;Totalmente en desacuerdo;Totalmente en desacuerdo;Totalmente en desacuerdo;Totalmente en desacuerdo;Totalmente en desacuerdo;Totalmente en desacuerdo;Totalmente en desacuerdo;Totalmente en desacuerdo
ID-512;Ciencias médicas y de la salud;13;43;Femenino;Mujer;Privada;Neutral;Neutral;En desacuerdo;En desacuerdo;De acuerdo;De acuerdo;De acuerdo;De acuerdo;Totalmente de acuerdo;De acuerdo;De acuerdo;De acuerdo;De acuerdo;De acuerdo;De acuerdo;De acuerdo;De acuerdo;De acuerdo;De acuerdo;En desacuerdo;De acuerdo;Neutral;Neutral;Neutral;De acuerdo
ID-513;Ciencias sociales;16;54;Masculino;Hombre;Privada;Totalmente de acuerdo;Totalmente de acuerdo;Totalmente de acuerdo;Totalmente de acuerdo;Totalmente de acuerdo;Totalmente de acuerdo;Totalmente de acuerdo;Totalmente de acuerdo;Totalmente de acuerdo;Totalmente de acuerdo;Totalmente de acuerdo;Totalmente de acuerdo;Totalmente de acuerdo;Totalmente de acuerdo;Totalmente de acuerdo;Totalmente de acuerdo;Totalmente de acuerdo;Totalmente de acuerdo;Totalmente de acuerdo;Totalmente de acuerdo;Totalmente de acuerdo;Totalmente de acuerdo;De acuerdo;Totalmente de acuerdo;Totalmente de acuerdo
ID-514;Humanidades;20;52;Femenino;Mujer;Privada;De acuerdo;De acuerdo;Neutral;De acuerdo;De acuerdo;De acuerdo;Neutral;De acuerdo;De acuerdo;Totalmente de acuerdo;Totalmente de acuerdo;De acuerdo;Neutral;De acuerdo;De acuerdo;De acuerdo;De acuerdo;De acuerdo;Totalmente de acuerdo;De acuerdo;De acuerdo;De acuerdo;De acuerdo;De acuerdo;De acuerdo
ID-515;Ciencias sociales;23;50;Masculino;Hombre;Privada;Totalmente de acuerdo;En desacuerdo;Neutral;Neutral;Totalmente de acuerdo;Totalmente de acuerdo;Totalmente de acuerdo;Totalmente de acuerdo;Totalmente de acuerdo;Neutral;Neutral;Neutral;Neutral;Totalmente de acuerdo;Totalmente de acuerdo;Totalmente de acuerdo;De acuerdo;De acuerdo;De acuerdo;De acuerdo;De acuerdo;Neutral;De acuerdo;De acuerdo;De acuerdo
ID-516;Ingeniería y tecnología;8;40;Femenino;Mujer;Privada;De acuerdo;Neutral;Neutral;De acuerdo;Totalmente de acuerdo;Totalmente de acuerdo;Totalmente de acuerdo;Totalmente de acuerdo;De acuerdo;En desacuerdo;De acuerdo;Neutral;Neutral;De acuerdo;Totalmente de acuerdo;Totalmente de acuerdo;De acuerdo;De acuerdo;De acuerdo;Totalmente de acuerdo;Totalmente de acuerdo;Totalmente de acuerdo;Totalmente de acuerdo;Neutral;De acuerdo
ID-517;Ciencias médicas y de la salud;10;43;Femenino;Mujer;Privada;De acuerdo;Neutral;De acuerdo;De acuerdo;Neutral;De acuerdo;Neutral;De acuerdo;Neutral;Neutral;Neutral;Neutral;Neutral;Neutral;Neutral;De acuerdo;Neutral;Neutral;Neutral;Neutral;Neutral;Neutral;De acuerdo;Neutral;Neutral
ID-518;Ciencias médicas y de la salud;17;55;Femenino;Mujer;Pública;De acuerdo;Neutral;De acuerdo;De acuerdo;Totalmente de acuerdo;De acuerdo;De acuerdo;Totalmente de acuerdo;Totalmente de acuerdo;De acuerdo;De acuerdo;De acuerdo;De acuerdo;Totalmente de acuerdo;Totalmente de acuerdo;Totalmente de acuerdo;De acuerdo;De acuerdo;Totalmente de acuerdo;En desacuerdo;De acuerdo;Neutral;De acuerdo;De acuerdo;De acuerdo
ID-519;Ciencias sociales;24;54;Masculino;Hombre;Privada;De acuerdo;De acuerdo;De acuerdo;De acuerdo;De acuerdo;De acuerdo;De acuerdo;De acuerdo;De acuerdo;Totalmente de acuerdo;Totalmente de acuerdo;Totalmente de acuerdo;De acuerdo;De acuerdo;De acuerdo;De acuerdo;De acuerdo;De acuerdo;De acuerdo;De acuerdo;De acuerdo;De acuerdo;Neutral;De acuerdo;De acuerdo
ID-520;Ciencias médicas y de la salud;36;60;Masculino;Hombre;Pública;Totalmente de acuerdo;De acuerdo;De acuerdo;De acuerdo;De acuerdo;Neutral;Neutral;Totalmente de acuerdo;Totalmente de acuerdo;Totalmente de acuerdo;Totalmente de acuerdo;Totalmente de acuerdo;Totalmente de acuerdo;De acuerdo;Totalmente de acuerdo;Totalmente de acuerdo;De acuerdo;De acuerdo;De acuerdo;Totalmente de acuerdo;De acuerdo;De acuerdo;Neutral;De acuerdo;De acuerdo
ID-521;Ciencias médicas y de la salud;18;48;Femenino;Mujer;Pública;De acuerdo;Neutral;Neutral;En desacuerdo;De acuerdo;De acuerdo;De acuerdo;Neutral;De acuerdo;De acuerdo;De acuerdo;De acuerdo;Neutral;De acuerdo;De acuerdo;De acuerdo;De acuerdo;De acuerdo;De acuerdo;De acuerdo;De acuerdo;De acuerdo;De acuerdo;Neutral;De acuerdo
ID-522;Ciencias médicas y de la salud;4;34;Femenino;Mujer;Privada;De acuerdo;Neutral;Neutral;Neutral;En desacuerdo;En desacuerdo;En desacuerdo;Neutral;Neutral;De acuerdo;De acuerdo;De acuerdo;De acuerdo;De acuerdo;Neutral;De acuerdo;De acuerdo;De acuerdo;De acuerdo;En desacuerdo;Neutral;De acuerdo;De acuerdo;De acuerdo;De acuerdo
ID-523;Ciencias médicas y de la salud;13;48;Masculino;Mujer;Privada;De acuerdo;De acuerdo;Neutral;Neutral;Totalmente de acuerdo;Totalmente de acuerdo;Neutral;Neutral;Neutral;En desacuerdo;Neutral;Neutral;Neutral;Neutral;Neutral;De acuerdo;Neutral;Neutral;Neutral;Totalmente en desacuerdo;Neutral;Neutral;Neutral;De acuerdo;De acuerdo
ID-524;Ciencias médicas y de la salud;8;41;Femenino;Mujer;Privada;Neutral;De acuerdo;Neutral;De acuerdo;En desacuerdo;Totalmente de acuerdo;Totalmente de acuerdo;De acuerdo;De acuerdo;De acuerdo;De acuerdo;De acuerdo;Neutral;De acuerdo;De acuerdo;De acuerdo;Neutral;De acuerdo;Totalmente de acuerdo;De acuerdo;De acuerdo;De acuerdo;Totalmente de acuerdo;Totalmente de acuerdo;Totalmente de acuerdo
ID-525;Ciencias médicas y de la salud;9;48;Femenino;Mujer;Privada;De acuerdo;De acuerdo;Neutral;De acuerdo;De acuerdo;De acuerdo;De acuerdo;De acuerdo;De acuerdo;De acuerdo;De acuerdo;De acuerdo;De acuerdo;De acuerdo;De acuerdo;De acuerdo;De acuerdo;De acuerdo;De acuerdo;De acuerdo;De acuerdo;De acuerdo;De acuerdo;De acuerdo;De acuerdo
ID-526;Ciencias médicas y de la salud;3;47;Femenino;Mujer;Privada;Totalmente de acuerdo;De acuerdo;De acuerdo;De acuerdo;Totalmente de acuerdo;De acuerdo;De acuerdo;De acuerdo;De acuerdo;Totalmente de acuerdo;Totalmente de acuerdo;Totalmente de acuerdo;De acuerdo;Totalmente de acuerdo;Totalmente de acuerdo;Totalmente de acuerdo;Totalmente de acuerdo;Totalmente de acuerdo;Totalmente de acuerdo;Totalmente de acuerdo;Totalmente de acuerdo;De acuerdo;De acuerdo;Totalmente de acuerdo;Totalmente de acuerdo
ID-527;Ciencias médicas y de la salud;18;42;Femenino;Mujer;Privada;Neutral;Neutral;Neutral;Neutral;De acuerdo;De acuerdo;Neutral;Neutral;De acuerdo;De acuerdo;De acuerdo;De acuerdo;Neutral;Totalmente de acuerdo;De acuerdo;Totalmente de acuerdo;De acuerdo;De acuerdo;De acuerdo;Totalmente en desacuerdo;Neutral;Neutral;Neutral;Neutral;De acuerdo
ID-528;Ingeniería y tecnología;7;31;Femenino;Mujer;Privada;Totalmente de acuerdo;De acuerdo;De acuerdo;De acuerdo;Totalmente de acuerdo;De acuerdo;Neutral;En desacuerdo;Totalmente de acuerdo;Totalmente de acuerdo;Totalmente de acuerdo;Totalmente de acuerdo;Neutral;Totalmente de acuerdo;Totalmente de acuerdo;Totalmente de acuerdo;De acuerdo;De acuerdo;Totalmente de acuerdo;Neutral;De acuerdo;Totalmente de acuerdo;Neutral;Totalmente de acuerdo;Totalmente de acuerdo
ID-529;Ciencias médicas y de la salud;21;51;Femenino;Mujer;Privada;Totalmente de acuerdo;Totalmente de acuerdo;Neutral;Neutral;Neutral;Neutral;Neutral;Neutral;Neutral;Totalmente de acuerdo;Totalmente de acuerdo;Totalmente de acuerdo;Totalmente de acuerdo;Totalmente de acuerdo;Totalmente de acuerdo;Totalmente de acuerdo;De acuerdo;De acuerdo;Totalmente de acuerdo;Neutral;Totalmente de acuerdo;Totalmente de acuerdo;Totalmente de acuerdo;Totalmente de acuerdo;Totalmente de acuerdo
ID-530;Ciencias médicas y de la salud;41;76;Masculino;Hombre;Pública;De acuerdo;De acuerdo;De acuerdo;De acuerdo;Totalmente de acuerdo;De acuerdo;De acuerdo;Totalmente de acuerdo;De acuerdo;De acuerdo;De acuerdo;De acuerdo;De acuerdo;De acuerdo;De acuerdo;De acuerdo;Totalmente de acuerdo;Totalmente de acuerdo;Totalmente de acuerdo;Neutral;De acuerdo;Neutral;De acuerdo;De acuerdo;De acuerdo
ID-531;Ciencias médicas y de la salud;20;52;Masculino;Hombre;Pública;De acuerdo;Neutral;Neutral;Neutral;Totalmente de acuerdo;Totalmente de acuerdo;De acuerdo;Totalmente de acuerdo;Totalmente de acuerdo;De acuerdo;De acuerdo;De acuerdo;Neutral;Totalmente de acuerdo;Totalmente de acuerdo;Totalmente de acuerdo;Totalmente de acuerdo;Totalmente de acuerdo;Totalmente de acuerdo;Totalmente en desacuerdo;De acuerdo;Neutral;De acuerdo;De acuerdo;De acuerdo
ID-532;Ciencias médicas y de la salud;10;44;Femenino;Mujer;Pública;Totalmente de acuerdo;Totalmente de acuerdo;De acuerdo;De acuerdo;Totalmente de acuerdo;Neutral;En desacuerdo;De acuerdo;Totalmente de acuerdo;Totalmente de acuerdo;Totalmente de acuerdo;Totalmente de acuerdo;De acuerdo;Totalmente de acuerdo;De acuerdo;De acuerdo;Totalmente de acuerdo;Totalmente de acuerdo;Totalmente de acuerdo;De acuerdo;Totalmente de acuerdo;Totalmente de acuerdo;En desacuerdo;Totalmente de acuerdo;Totalmente de acuerdo
ID-533;Ciencias médicas y de la salud;15;44;Masculino;Hombre;Pública;De acuerdo;De acuerdo;De acuerdo;De acuerdo;De acuerdo;De acuerdo;De acuerdo;De acuerdo;Totalmente de acuerdo;De acuerdo;De acuerdo;Neutral;Neutral;De acuerdo;De acuerdo;De acuerdo;De acuerdo;De acuerdo;De acuerdo;De acuerdo;De acuerdo;Neutral;De acuerdo;Neutral;Totalmente de acuerdo
ID-534;Ingeniería y tecnología;25;48;Femenino;Mujer;Privada;De acuerdo;En desacuerdo;En desacuerdo;En desacuerdo;De acuerdo;Neutral;Neutral;Neutral;De acuerdo;Neutral;Neutral;Neutral;De acuerdo;De acuerdo;Neutral;De acuerdo;Neutral;De acuerdo;De acuerdo;Neutral;De acuerdo;Neutral;De acuerdo;Neutral;De acuerdo
ID-535;Humanidades;6;48;Femenino;Mujer;Privada;Neutral;Neutral;Neutral;Neutral;Totalmente de acuerdo;De acuerdo;Neutral;Neutral;Totalmente de acuerdo;Totalmente de acuerdo;Totalmente de acuerdo;Totalmente de acuerdo;De acuerdo;Totalmente de acuerdo;Totalmente de acuerdo;Totalmente de acuerdo;Totalmente de acuerdo;Totalmente de acuerdo;Totalmente de acuerdo;Neutral;Totalmente de acuerdo;Totalmente de acuerdo;Totalmente de acuerdo;Totalmente de acuerdo;Totalmente de acuerdo
ID-536;Ingeniería y tecnología;18;51;Femenino;Mujer;Privada;Totalmente de acuerdo;Totalmente de acuerdo;Totalmente de acuerdo;Totalmente de acuerdo;Totalmente de acuerdo;Totalmente de acuerdo;De acuerdo;Totalmente de acuerdo;Totalmente de acuerdo;Totalmente de acuerdo;Totalmente de acuerdo;Totalmente de acuerdo;Neutral;Totalmente de acuerdo;Totalmente de acuerdo;Totalmente de acuerdo;Totalmente de acuerdo;Totalmente de acuerdo;Totalmente de acuerdo;Totalmente de acuerdo;Totalmente de acuerdo;Totalmente de acuerdo;Neutral;Totalmente de acuerdo;Totalmente de acuerdo
ID-537;Ciencias médicas y de la salud;15;52;Femenino;Mujer;Pública;De acuerdo;De acuerdo;De acuerdo;De acuerdo;De acuerdo;Neutral;Totalmente de acuerdo;Totalmente de acuerdo;Totalmente de acuerdo;De acuerdo;De acuerdo;De acuerdo;Neutral;De acuerdo;De acuerdo;De acuerdo;De acuerdo;De acuerdo;De acuerdo;Neutral;De acuerdo;De acuerdo;De acuerdo;De acuerdo;De acuerdo
ID-538;Ciencias agrícolas;20;42;Masculino;Hombre;Privada;Neutral;Neutral;Neutral;Neutral;Neutral;Neutral;Neutral;Neutral;Neutral;Neutral;Neutral;Neutral;Neutral;Neutral;Neutral;Neutral;Neutral;Neutral;Neutral;Neutral;Neutral;Neutral;Neutral;Neutral;Neutral
ID-539;Ingeniería y tecnología;10;54;Femenino;Mujer;Privada;De acuerdo;De acuerdo;De acuerdo;De acuerdo;De acuerdo;De acuerdo;De acuerdo;De acuerdo;De acuerdo;Totalmente de acuerdo;Totalmente de acuerdo;Totalmente de acuerdo;De acuerdo;De acuerdo;De acuerdo;De acuerdo;Totalmente de acuerdo;Totalmente de acuerdo;Totalmente de acuerdo;De acuerdo;De acuerdo;De acuerdo;Totalmente de acuerdo;Totalmente de acuerdo;Totalmente de acuerdo
ID-540;Ciencias médicas y de la salud;22;50;Masculino;Hombre;Pública;De acuerdo;De acuerdo;De acuerdo;De acuerdo;De acuerdo;En desacuerdo;Neutral;De acuerdo;De acuerdo;De acuerdo;De acuerdo;De acuerdo;De acuerdo;De acuerdo;De acuerdo;De acuerdo;De acuerdo;De acuerdo;De acuerdo;De acuerdo;De acuerdo;De acuerdo;En desacuerdo;De acuerdo;De acuerdo
ID-541;Ciencias médicas y de la salud;14;45;Masculino;Hombre;Pública;De acuerdo;De acuerdo;De acuerdo;De acuerdo;De acuerdo;Totalmente de acuerdo;Totalmente de acuerdo;Totalmente de acuerdo;Totalmente de acuerdo;Neutral;Neutral;Neutral;De acuerdo;Totalmente de acuerdo;Totalmente de acuerdo;Totalmente de acuerdo;Totalmente de acuerdo;Totalmente de acuerdo;Totalmente de acuerdo;Neutral;De acuerdo;Neutral;De acuerdo;Neutral;Totalmente de acuerdo
ID-542;Ciencias médicas y de la salud;20;52;Femenino;Mujer;Pública;De acuerdo;De acuerdo;De acuerdo;Neutral;Totalmente de acuerdo;Totalmente de acuerdo;Totalmente de acuerdo;Totalmente de acuerdo;Totalmente de acuerdo;De acuerdo;De acuerdo;De acuerdo;Neutral;Totalmente de acuerdo;Totalmente de acuerdo;Totalmente de acuerdo;Totalmente de acuerdo;Totalmente de acuerdo;Totalmente de acuerdo;Totalmente en desacuerdo;De acuerdo;Neutral;Totalmente de acuerdo;De acuerdo;De acuerdo
ID-543;Ciencias médicas y de la salud;21;49;Femenino;Mujer;Pública;En desacuerdo;En desacuerdo;En desacuerdo;En desacuerdo;De acuerdo;De acuerdo;De acuerdo;De acuerdo;De acuerdo;De acuerdo;De acuerdo;Neutral;De acuerdo;De acuerdo;De acuerdo;De acuerdo;Neutral;Neutral;De acuerdo;Totalmente en desacuerdo;De acuerdo;Neutral;De acuerdo;De acuerdo;De acuerdo
ID-544;Ciencias médicas y de la salud;28;56;Femenino;Mujer;Privada;Totalmente en desacuerdo;Totalmente en desacuerdo;Totalmente en desacuerdo;Totalmente en desacuerdo;Totalmente en desacuerdo;En desacuerdo;En desacuerdo;En desacuerdo;En desacuerdo;Totalmente en desacuerdo;Totalmente en desacuerdo;Totalmente en desacuerdo;Totalmente en desacuerdo;Totalmente en desacuerdo;Totalmente en desacuerdo;Totalmente en desacuerdo;Totalmente en desacuerdo;Totalmente en desacuerdo;Totalmente en desacuerdo;Totalmente en desacuerdo;Totalmente en desacuerdo;Totalmente en desacuerdo;Totalmente en desacuerdo;Totalmente en desacuerdo;Totalmente en desacuerdo
ID-545;Ciencias médicas y de la salud;7;38;Femenino;Mujer;Pública;Totalmente de acuerdo;En desacuerdo;En desacuerdo;En desacuerdo;De acuerdo;De acuerdo;De acuerdo;De acuerdo;De acuerdo;En desacuerdo;De acuerdo;De acuerdo;De acuerdo;Neutral;En desacuerdo;De acuerdo;De acuerdo;De acuerdo;De acuerdo;En desacuerdo;De acuerdo;De acuerdo;De acuerdo;Neutral;Totalmente de acuerdo
ID-546;Ciencias médicas y de la salud;6;42;Femenino;Mujer;Pública;Neutral;Neutral;Neutral;De acuerdo;De acuerdo;De acuerdo;De acuerdo;De acuerdo;De acuerdo;De acuerdo;Neutral;De acuerdo;De acuerdo;De acuerdo;De acuerdo;De acuerdo;Neutral;De acuerdo;De acuerdo;En desacuerdo;Neutral;Neutral;De acuerdo;Neutral;De acuerdo
ID-547;Ciencias médicas y de la salud;16;59;Femenino;Mujer;Pública;De acuerdo;Totalmente en desacuerdo;En desacuerdo;Totalmente en desacuerdo;De acuerdo;De acuerdo;De acuerdo;Totalmente de acuerdo;Totalmente de acuerdo;De acuerdo;De acuerdo;De acuerdo;Neutral;Totalmente de acuerdo;Totalmente de acuerdo;Totalmente de acuerdo;De acuerdo;De acuerdo;De acuerdo;En desacuerdo;De acuerdo;De acuerdo;De acuerdo;De acuerdo;De acuerdo
ID-548;Ciencias médicas y de la salud;10;40;Femenino;Mujer;Pública;De acuerdo;De acuerdo;De acuerdo;De acuerdo;Neutral;Totalmente de acuerdo;De acuerdo;De acuerdo;De acuerdo;Totalmente de acuerdo;Totalmente de acuerdo;De acuerdo;De acuerdo;De acuerdo;De acuerdo;De acuerdo;De acuerdo;De acuerdo;De acuerdo;Neutral;De acuerdo;Neutral;De acuerdo;Neutral;De acuerdo
ID-549;Ciencias médicas y de la salud;2;30;Femenino;Mujer;Privada;De acuerdo;De acuerdo;De acuerdo;De acuerdo;De acuerdo;Totalmente de acuerdo;Totalmente de acuerdo;Totalmente de acuerdo;Totalmente de acuerdo;De acuerdo;De acuerdo;De acuerdo;Neutral;Totalmente de acuerdo;De acuerdo;De acuerdo;Totalmente de acuerdo;Totalmente de acuerdo;Totalmente de acuerdo;Neutral;Totalmente de acuerdo;Totalmente de acuerdo;Totalmente de acuerdo;De acuerdo;De acuerdo
ID-550;Ciencias médicas y de la salud;13;48;Masculino;Mujer;Privada;De acuerdo;De acuerdo;Neutral;Neutral;Totalmente de acuerdo;Totalmente de acuerdo;Neutral;Neutral;Neutral;En desacuerdo;Neutral;Neutral;Neutral;Neutral;Neutral;De acuerdo;Neutral;Neutral;Neutral;Totalmente en desacuerdo;Neutral;Neutral;Neutral;De acuerdo;De acuerdo
ID-551;Ciencias médicas y de la salud;8;41;Femenino;Mujer;Privada;Neutral;De acuerdo;Neutral;De acuerdo;En desacuerdo;Totalmente de acuerdo;Totalmente de acuerdo;De acuerdo;De acuerdo;De acuerdo;De acuerdo;De acuerdo;Neutral;De acuerdo;De acuerdo;De acuerdo;Neutral;De acuerdo;Totalmente de acuerdo;De acuerdo;De acuerdo;De acuerdo;Totalmente de acuerdo;Totalmente de acuerdo;Totalmente de acuerdo
ID-552;Ciencias médicas y de la salud;9;48;Femenino;Mujer;Privada;De acuerdo;De acuerdo;Neutral;De acuerdo;De acuerdo;De acuerdo;De acuerdo;De acuerdo;De acuerdo;De acuerdo;De acuerdo;De acuerdo;De acuerdo;De acuerdo;De acuerdo;De acuerdo;De acuerdo;De acuerdo;De acuerdo;De acuerdo;De acuerdo;De acuerdo;De acuerdo;De acuerdo;De acuerdo
ID-553;Ciencias médicas y de la salud;3;47;Femenino;Mujer;Privada;Totalmente de acuerdo;De acuerdo;De acuerdo;De acuerdo;Totalmente de acuerdo;De acuerdo;De acuerdo;De acuerdo;De acuerdo;Totalmente de acuerdo;Totalmente de acuerdo;Totalmente de acuerdo;De acuerdo;Totalmente de acuerdo;Totalmente de acuerdo;Totalmente de acuerdo;Totalmente de acuerdo;Totalmente de acuerdo;Totalmente de acuerdo;Totalmente de acuerdo;Totalmente de acuerdo;De acuerdo;De acuerdo;Totalmente de acuerdo;Totalmente de acuerdo
ID-554;Ciencias médicas y de la salud;18;42;Femenino;Mujer;Privada;Neutral;Neutral;Neutral;Neutral;De acuerdo;De acuerdo;Neutral;Neutral;De acuerdo;De acuerdo;De acuerdo;De acuerdo;Neutral;Totalmente de acuerdo;De acuerdo;Totalmente de acuerdo;De acuerdo;De acuerdo;De acuerdo;Totalmente en desacuerdo;Neutral;Neutral;Neutral;Neutral;De acuerdo
ID-555;Ingeniería y tecnología;7;31;Femenino;Mujer;Privada;Totalmente de acuerdo;De acuerdo;De acuerdo;De acuerdo;Totalmente de acuerdo;De acuerdo;Neutral;En desacuerdo;Totalmente de acuerdo;Totalmente de acuerdo;Totalmente de acuerdo;Totalmente de acuerdo;Neutral;Totalmente de acuerdo;Totalmente de acuerdo;Totalmente de acuerdo;De acuerdo;De acuerdo;Totalmente de acuerdo;Neutral;De acuerdo;Totalmente de acuerdo;Neutral;Totalmente de acuerdo;Totalmente de acuerdo
ID-556;Ciencias médicas y de la salud;21;51;Femenino;Mujer;Privada;Totalmente de acuerdo;Totalmente de acuerdo;Neutral;Neutral;Neutral;Neutral;Neutral;Neutral;Neutral;Totalmente de acuerdo;Totalmente de acuerdo;Totalmente de acuerdo;Totalmente de acuerdo;Totalmente de acuerdo;Totalmente de acuerdo;Totalmente de acuerdo;De acuerdo;De acuerdo;Totalmente de acuerdo;Neutral;Totalmente de acuerdo;Totalmente de acuerdo;Totalmente de acuerdo;Totalmente de acuerdo;Totalmente de acuerdo
ID-557;Ciencias médicas y de la salud;41;76;Masculino;Hombre;Pública;De acuerdo;De acuerdo;De acuerdo;De acuerdo;Totalmente de acuerdo;De acuerdo;De acuerdo;Totalmente de acuerdo;De acuerdo;De acuerdo;De acuerdo;De acuerdo;De acuerdo;De acuerdo;De acuerdo;De acuerdo;Totalmente de acuerdo;Totalmente de acuerdo;Totalmente de acuerdo;Neutral;De acuerdo;Neutral;De acuerdo;De acuerdo;De acuerdo
ID-558;Ciencias médicas y de la salud;20;52;Masculino;Hombre;Pública;De acuerdo;Neutral;Neutral;Neutral;Totalmente de acuerdo;Totalmente de acuerdo;De acuerdo;Totalmente de acuerdo;Totalmente de acuerdo;De acuerdo;De acuerdo;De acuerdo;Neutral;Totalmente de acuerdo;Totalmente de acuerdo;Totalmente de acuerdo;Totalmente de acuerdo;Totalmente de acuerdo;Totalmente de acuerdo;Totalmente en desacuerdo;De acuerdo;Neutral;De acuerdo;De acuerdo;De acuerdo
ID-559;Ciencias médicas y de la salud;10;44;Femenino;Mujer;Pública;Totalmente de acuerdo;Totalmente de acuerdo;De acuerdo;De acuerdo;Totalmente de acuerdo;Neutral;En desacuerdo;De acuerdo;Totalmente de acuerdo;Totalmente de acuerdo;Totalmente de acuerdo;Totalmente de acuerdo;De acuerdo;Totalmente de acuerdo;De acuerdo;De acuerdo;Totalmente de acuerdo;Totalmente de acuerdo;Totalmente de acuerdo;De acuerdo;Totalmente de acuerdo;Totalmente de acuerdo;En desacuerdo;Totalmente de acuerdo;Totalmente de acuerdo
ID-560;Ciencias médicas y de la salud;15;44;Masculino;Hombre;Pública;De acuerdo;De acuerdo;De acuerdo;De acuerdo;De acuerdo;De acuerdo;De acuerdo;De acuerdo;Totalmente de acuerdo;De acuerdo;De acuerdo;Neutral;Neutral;De acuerdo;De acuerdo;De acuerdo;De acuerdo;De acuerdo;De acuerdo;De acuerdo;De acuerdo;Neutral;De acuerdo;Neutral;Totalmente de acuerdo
ID-561;Ingeniería y tecnología;25;48;Femenino;Mujer;Privada;De acuerdo;En desacuerdo;En desacuerdo;En desacuerdo;De acuerdo;Neutral;Neutral;Neutral;De acuerdo;Neutral;Neutral;Neutral;De acuerdo;De acuerdo;Neutral;De acuerdo;Neutral;De acuerdo;De acuerdo;Neutral;De acuerdo;Neutral;De acuerdo;Neutral;De acuerdo
ID-562;Humanidades;6;48;Femenino;Mujer;Privada;Neutral;Neutral;Neutral;Neutral;Totalmente de acuerdo;De acuerdo;Neutral;Neutral;Totalmente de acuerdo;Totalmente de acuerdo;Totalmente de acuerdo;Totalmente de acuerdo;De acuerdo;Totalmente de acuerdo;Totalmente de acuerdo;Totalmente de acuerdo;Totalmente de acuerdo;Totalmente de acuerdo;Totalmente de acuerdo;Neutral;Totalmente de acuerdo;Totalmente de acuerdo;Totalmente de acuerdo;Totalmente de acuerdo;Totalmente de acuerdo
ID-563;Ingeniería y tecnología;18;51;Femenino;Mujer;Privada;Totalmente de acuerdo;Totalmente de acuerdo;Totalmente de acuerdo;Totalmente de acuerdo;Totalmente de acuerdo;Totalmente de acuerdo;De acuerdo;Totalmente de acuerdo;Totalmente de acuerdo;Totalmente de acuerdo;Totalmente de acuerdo;Totalmente de acuerdo;Neutral;Totalmente de acuerdo;Totalmente de acuerdo;Totalmente de acuerdo;Totalmente de acuerdo;Totalmente de acuerdo;Totalmente de acuerdo;Totalmente de acuerdo;Totalmente de acuerdo;Totalmente de acuerdo;Neutral;Totalmente de acuerdo;Totalmente de acuerdo
ID-564;Ciencias médicas y de la salud;15;52;Femenino;Mujer;Pública;De acuerdo;De acuerdo;De acuerdo;De acuerdo;De acuerdo;Neutral;Totalmente de acuerdo;Totalmente de acuerdo;Totalmente de acuerdo;De acuerdo;De acuerdo;De acuerdo;Neutral;De acuerdo;De acuerdo;De acuerdo;De acuerdo;De acuerdo;De acuerdo;Neutral;De acuerdo;De acuerdo;De acuerdo;De acuerdo;De acuerdo
ID-565;Ciencias agrícolas;20;42;Masculino;Hombre;Privada;Neutral;Neutral;Neutral;Neutral;Neutral;Neutral;Neutral;Neutral;Neutral;Neutral;Neutral;Neutral;Neutral;Neutral;Neutral;Neutral;Neutral;Neutral;Neutral;Neutral;Neutral;Neutral;Neutral;Neutral;Neutral
ID-566;Ingeniería y tecnología;10;54;Femenino;Mujer;Privada;De acuerdo;De acuerdo;De acuerdo;De acuerdo;De acuerdo;De acuerdo;De acuerdo;De acuerdo;De acuerdo;Totalmente de acuerdo;Totalmente de acuerdo;Totalmente de acuerdo;De acuerdo;De acuerdo;De acuerdo;De acuerdo;Totalmente de acuerdo;Totalmente de acuerdo;Totalmente de acuerdo;De acuerdo;De acuerdo;De acuerdo;Totalmente de acuerdo;Totalmente de acuerdo;Totalmente de acuerdo
ID-567;Ciencias médicas y de la salud;22;50;Masculino;Hombre;Pública;De acuerdo;De acuerdo;De acuerdo;De acuerdo;De acuerdo;En desacuerdo;Neutral;De acuerdo;De acuerdo;De acuerdo;De acuerdo;De acuerdo;De acuerdo;De acuerdo;De acuerdo;De acuerdo;De acuerdo;De acuerdo;De acuerdo;De acuerdo;De acuerdo;De acuerdo;En desacuerdo;De acuerdo;De acuerdo
ID-568;Ciencias médicas y de la salud;14;45;Masculino;Hombre;Pública;De acuerdo;De acuerdo;De acuerdo;De acuerdo;De acuerdo;Totalmente de acuerdo;Totalmente de acuerdo;Totalmente de acuerdo;Totalmente de acuerdo;Neutral;Neutral;Neutral;De acuerdo;Totalmente de acuerdo;Totalmente de acuerdo;Totalmente de acuerdo;Totalmente de acuerdo;Totalmente de acuerdo;Totalmente de acuerdo;Neutral;De acuerdo;Neutral;De acuerdo;Neutral;Totalmente de acuerdo
ID-569;Ciencias médicas y de la salud;20;52;Femenino;Mujer;Pública;De acuerdo;De acuerdo;De acuerdo;Neutral;Totalmente de acuerdo;Totalmente de acuerdo;Totalmente de acuerdo;Totalmente de acuerdo;Totalmente de acuerdo;De acuerdo;De acuerdo;De acuerdo;Neutral;Totalmente de acuerdo;Totalmente de acuerdo;Totalmente de acuerdo;Totalmente de acuerdo;Totalmente de acuerdo;Totalmente de acuerdo;Totalmente en desacuerdo;De acuerdo;Neutral;Totalmente de acuerdo;De acuerdo;De acuerdo
ID-570;Ciencias médicas y de la salud;21;49;Femenino;Mujer;Pública;En desacuerdo;En desacuerdo;En desacuerdo;En desacuerdo;De acuerdo;De acuerdo;De acuerdo;De acuerdo;De acuerdo;De acuerdo;De acuerdo;Neutral;De acuerdo;De acuerdo;De acuerdo;De acuerdo;Neutral;Neutral;De acuerdo;Totalmente en desacuerdo;De acuerdo;Neutral;De acuerdo;De acuerdo;De acuerdo
ID-571;Ciencias médicas y de la salud;28;56;Femenino;Mujer;Privada;Totalmente en desacuerdo;Totalmente en desacuerdo;Totalmente en desacuerdo;Totalmente en desacuerdo;Totalmente en desacuerdo;En desacuerdo;En desacuerdo;En desacuerdo;En desacuerdo;Totalmente en desacuerdo;Totalmente en desacuerdo;Totalmente en desacuerdo;Totalmente en desacuerdo;Totalmente en desacuerdo;Totalmente en desacuerdo;Totalmente en desacuerdo;Totalmente en desacuerdo;Totalmente en desacuerdo;Totalmente en desacuerdo;Totalmente en desacuerdo;Totalmente en desacuerdo;Totalmente en desacuerdo;Totalmente en desacuerdo;Totalmente en desacuerdo;Totalmente en desacuerdo
ID-572;Ciencias médicas y de la salud;7;38;Femenino;Mujer;Pública;Totalmente de acuerdo;En desacuerdo;En desacuerdo;En desacuerdo;De acuerdo;De acuerdo;De acuerdo;De acuerdo;De acuerdo;En desacuerdo;De acuerdo;De acuerdo;De acuerdo;Neutral;En desacuerdo;De acuerdo;De acuerdo;De acuerdo;De acuerdo;En desacuerdo;De acuerdo;De acuerdo;De acuerdo;Neutral;Totalmente de acuerdo
ID-573;Ciencias médicas y de la salud;6;42;Femenino;Mujer;Pública;Neutral;Neutral;Neutral;De acuerdo;De acuerdo;De acuerdo;De acuerdo;De acuerdo;De acuerdo;De acuerdo;Neutral;De acuerdo;De acuerdo;De acuerdo;De acuerdo;De acuerdo;Neutral;De acuerdo;De acuerdo;En desacuerdo;Neutral;Neutral;De acuerdo;Neutral;De acuerdo
ID-574;Ciencias médicas y de la salud;16;59;Femenino;Mujer;Pública;De acuerdo;Totalmente en desacuerdo;En desacuerdo;Totalmente en desacuerdo;De acuerdo;De acuerdo;De acuerdo;Totalmente de acuerdo;Totalmente de acuerdo;De acuerdo;De acuerdo;De acuerdo;Neutral;Totalmente de acuerdo;Totalmente de acuerdo;Totalmente de acuerdo;De acuerdo;De acuerdo;De acuerdo;En desacuerdo;De acuerdo;De acuerdo;De acuerdo;De acuerdo;De acuerdo
ID-575;Ciencias médicas y de la salud;10;40;Femenino;Mujer;Pública;De acuerdo;De acuerdo;De acuerdo;De acuerdo;Neutral;Totalmente de acuerdo;De acuerdo;De acuerdo;De acuerdo;Totalmente de acuerdo;Totalmente de acuerdo;De acuerdo;De acuerdo;De acuerdo;De acuerdo;De acuerdo;De acuerdo;De acuerdo;De acuerdo;Neutral;De acuerdo;Neutral;De acuerdo;Neutral;De acuerdo
ID-576;Ciencias médicas y de la salud;2;30;Femenino;Mujer;Privada;De acuerdo;De acuerdo;De acuerdo;De acuerdo;De acuerdo;Totalmente de acuerdo;Totalmente de acuerdo;Totalmente de acuerdo;Totalmente de acuerdo;De acuerdo;De acuerdo;De acuerdo;Neutral;Totalmente de acuerdo;De acuerdo;De acuerdo;Totalmente de acuerdo;Totalmente de acuerdo;Totalmente de acuerdo;Neutral;Totalmente de acuerdo;Totalmente de acuerdo;Totalmente de acuerdo;De acuerdo;De acuerdo
ID-577;Ciencias médicas y de la salud;15;44;Femenino;Mujer;Privada;De acuerdo;De acuerdo;De acuerdo;De acuerdo;Totalmente de acuerdo;Neutral;Totalmente de acuerdo;Totalmente de acuerdo;Totalmente de acuerdo;Totalmente de acuerdo;Totalmente de acuerdo;Totalmente de acuerdo;En desacuerdo;Totalmente de acuerdo;Totalmente de acuerdo;Totalmente de acuerdo;Totalmente de acuerdo;Totalmente de acuerdo;Totalmente de acuerdo;De acuerdo;De acuerdo;Totalmente de acuerdo;Neutral;Totalmente de acuerdo;Totalmente de acuerdo
ID-578;Ciencias sociales;16;55;Masculino;Hombre;Privada;De acuerdo;Neutral;De acuerdo;De acuerdo;Neutral;Totalmente en desacuerdo;De acuerdo;De acuerdo;De acuerdo;Neutral;De acuerdo;De acuerdo;De acuerdo;De acuerdo;De acuerdo;De acuerdo;De acuerdo;De acuerdo;De acuerdo;Neutral;De acuerdo;Neutral;Neutral;Neutral;Neutral
ID-579;Ciencias médicas y de la salud;24;54;Femenino;Mujer;Privada;De acuerdo;De acuerdo;De acuerdo;De acuerdo;De acuerdo;De acuerdo;De acuerdo;De acuerdo;De acuerdo;Neutral;Neutral;Neutral;De acuerdo;De acuerdo;De acuerdo;De acuerdo;De acuerdo;De acuerdo;Totalmente de acuerdo;De acuerdo;De acuerdo;Neutral;Totalmente de acuerdo;Neutral;De acuerdo
ID-580;Ciencias sociales;18;56;Femenino;Mujer;Privada;De acuerdo;De acuerdo;De acuerdo;De acuerdo;De acuerdo;Totalmente de acuerdo;De acuerdo;Totalmente de acuerdo;Totalmente de acuerdo;Neutral;Neutral;En desacuerdo;Totalmente de acuerdo;Neutral;Neutral;Totalmente de acuerdo;Neutral;Neutral;Neutral;Totalmente en desacuerdo;De acuerdo;Neutral;De acuerdo;De acuerdo;Totalmente de acuerdo
ID-581;Ingeniería y tecnología;1;31;Masculino;Hombre;Privada;De acuerdo;De acuerdo;De acuerdo;Neutral;Totalmente de acuerdo;Totalmente de acuerdo;De acuerdo;Totalmente de acuerdo;Totalmente de acuerdo;Totalmente en desacuerdo;Totalmente en desacuerdo;Totalmente de acuerdo;De acuerdo;Totalmente en desacuerdo;Totalmente de acuerdo;Totalmente de acuerdo;Totalmente de acuerdo;De acuerdo;De acuerdo;Neutral;Totalmente de acuerdo;Totalmente de acuerdo;Neutral;Totalmente en desacuerdo;Totalmente de acuerdo
ID-582;Ciencias médicas y de la salud;3;36;Femenino;Mujer;Privada;Neutral;Neutral;Neutral;Neutral;De acuerdo;De acuerdo;De acuerdo;De acuerdo;De acuerdo;Totalmente de acuerdo;Totalmente de acuerdo;Totalmente de acuerdo;Totalmente de acuerdo;Totalmente de acuerdo;Totalmente de acuerdo;Totalmente de acuerdo;Totalmente de acuerdo;Totalmente de acuerdo;Totalmente de acuerdo;Neutral;Neutral;Neutral;Neutral;De acuerdo;De acuerdo
ID-583;Humanidades;15;39;Femenino;Mujer;Privada;Neutral;Neutral;Neutral;Neutral;Totalmente de acuerdo;Totalmente de acuerdo;Totalmente de acuerdo;Totalmente de acuerdo;Totalmente de acuerdo;De acuerdo;Neutral;De acuerdo;Neutral;Totalmente de acuerdo;Totalmente de acuerdo;Totalmente de acuerdo;Totalmente de acuerdo;Totalmente de acuerdo;Totalmente de acuerdo;En desacuerdo;Totalmente de acuerdo;Neutral;De acuerdo;De acuerdo;Totalmente de acuerdo
ID-584;Humanidades;18;56;Femenino;Mujer;Privada;En desacuerdo;En desacuerdo;Neutral;Neutral;Neutral;De acuerdo;De acuerdo;De acuerdo;De acuerdo;En desacuerdo;En desacuerdo;Neutral;Neutral;De acuerdo;De acuerdo;Totalmente de acuerdo;Neutral;De acuerdo;De acuerdo;Totalmente en desacuerdo;Neutral;Neutral;De acuerdo;Neutral;De acuerdo
ID-585;Ciencias médicas y de la salud;10;29;Femenino;Mujer;Privada;De acuerdo;De acuerdo;De acuerdo;De acuerdo;Totalmente de acuerdo;De acuerdo;Neutral;De acuerdo;Totalmente de acuerdo;De acuerdo;De acuerdo;Totalmente de acuerdo;De acuerdo;Totalmente de acuerdo;Totalmente de acuerdo;Totalmente de acuerdo;Neutral;Totalmente de acuerdo;Totalmente de acuerdo;De acuerdo;De acuerdo;Totalmente de acuerdo;De acuerdo;Totalmente de acuerdo;Totalmente de acuerdo
ID-586;Ciencias médicas y de la salud;10;29;Femenino;Mujer;Privada;De acuerdo;De acuerdo;De acuerdo;De acuerdo;De acuerdo;Neutral;De acuerdo;De acuerdo;De acuerdo;De acuerdo;De acuerdo;De acuerdo;De acuerdo;Totalmente de acuerdo;De acuerdo;De acuerdo;Neutral;De acuerdo;De acuerdo;De acuerdo;De acuerdo;De acuerdo;Neutral;De acuerdo;De acuerdo
ID-587;Ciencias médicas y de la salud;8;45;Masculino;Hombre;Privada;Totalmente en desacuerdo;Totalmente en desacuerdo;Totalmente en desacuerdo;Totalmente en desacuerdo;Totalmente en desacuerdo;Totalmente en desacuerdo;Totalmente en desacuerdo;Totalmente en desacuerdo;Totalmente en desacuerdo;Totalmente en desacuerdo;Totalmente en desacuerdo;En desacuerdo;Totalmente en desacuerdo;Totalmente en desacuerdo;En desacuerdo;Totalmente en desacuerdo;Totalmente en desacuerdo;En desacuerdo;En desacuerdo;Totalmente en desacuerdo;Totalmente en desacuerdo;En desacuerdo;En desacuerdo;Totalmente en desacuerdo;En desacuerdo
ID-588;Ciencias sociales;8;32;Femenino;Mujer;Privada;De acuerdo;De acuerdo;De acuerdo;De acuerdo;De acuerdo;De acuerdo;En desacuerdo;Neutral;Totalmente de acuerdo;Totalmente de acuerdo;Totalmente de acuerdo;Totalmente de acuerdo;De acuerdo;Totalmente de acuerdo;Totalmente de acuerdo;Totalmente de acuerdo;Totalmente de acuerdo;Totalmente de acuerdo;De acuerdo;De acuerdo;De acuerdo;Totalmente de acuerdo;Totalmente de acuerdo;De acuerdo;Totalmente de acuerdo
ID-589;Humanidades;8;50;Masculino;Hombre;Privada;De acuerdo;Neutral;Neutral;De acuerdo;Neutral;De acuerdo;Neutral;De acuerdo;Totalmente de acuerdo;Totalmente de acuerdo;Totalmente de acuerdo;De acuerdo;Neutral;Totalmente de acuerdo;Totalmente de acuerdo;Totalmente de acuerdo;Totalmente de acuerdo;Totalmente de acuerdo;Totalmente de acuerdo;En desacuerdo;Totalmente de acuerdo;Totalmente de acuerdo;Neutral;Totalmente de acuerdo;Totalmente de acuerdo
ID-590;Ciencias médicas y de la salud;6;41;Femenino;Mujer;Privada;Neutral;De acuerdo;De acuerdo;De acuerdo;De acuerdo;De acuerdo;De acuerdo;De acuerdo;Neutral;Neutral;De acuerdo;Neutral;Neutral;Neutral;Neutral;Neutral;De acuerdo;De acuerdo;De acuerdo;Neutral;De acuerdo;Neutral;Neutral;Neutral;Neutral
ID-591;Ciencias médicas y de la salud;30;64;Femenino;Mujer;Privada;De acuerdo;De acuerdo;De acuerdo;En desacuerdo;Totalmente de acuerdo;Totalmente de acuerdo;Neutral;De acuerdo;Totalmente de acuerdo;Totalmente de acuerdo;Totalmente de acuerdo;De acuerdo;Neutral;Totalmente de acuerdo;Totalmente de acuerdo;De acuerdo;Totalmente de acuerdo;Totalmente de acuerdo;Totalmente de acuerdo;Neutral;De acuerdo;De acuerdo;Totalmente de acuerdo;Totalmente de acuerdo;Totalmente de acuerdo
ID-592;Ciencias médicas y de la salud;11;40;Femenino;Mujer;Pública;En desacuerdo;Neutral;Neutral;Neutral;De acuerdo;De acuerdo;De acuerdo;De acuerdo;Totalmente de acuerdo;De acuerdo;Neutral;Neutral;Neutral;De acuerdo;De acuerdo;Totalmente de acuerdo;Neutral;De acuerdo;De acuerdo;Totalmente en desacuerdo;De acuerdo;De acuerdo;De acuerdo;De acuerdo;De acuerdo
ID-593;Ciencias médicas y de la salud;10;33;Femenino;Mujer;Privada;De acuerdo;De acuerdo;Neutral;De acuerdo;De acuerdo;De acuerdo;De acuerdo;De acuerdo;Totalmente de acuerdo;De acuerdo;De acuerdo;De acuerdo;En desacuerdo;Totalmente de acuerdo;De acuerdo;De acuerdo;De acuerdo;Totalmente de acuerdo;De acuerdo;Totalmente de acuerdo;De acuerdo;Neutral;Totalmente de acuerdo;De acuerdo;De acuerdo
ID-594;Ciencias médicas y de la salud;8;33;Femenino;Mujer;Privada;De acuerdo;De acuerdo;De acuerdo;De acuerdo;Neutral;Neutral;Neutral;Neutral;Neutral;En desacuerdo;Neutral;Neutral;Neutral;Neutral;Neutral;De acuerdo;Neutral;De acuerdo;De acuerdo;En desacuerdo;De acuerdo;De acuerdo;Neutral;De acuerdo;De acuerdo
ID-595;Ciencias médicas y de la salud;26;50;Femenino;Mujer;Privada;Totalmente de acuerdo;De acuerdo;De acuerdo;De acuerdo;De acuerdo;De acuerdo;De acuerdo;En desacuerdo;Totalmente de acuerdo;Totalmente de acuerdo;De acuerdo;Neutral;En desacuerdo;Totalmente de acuerdo;Totalmente de acuerdo;Totalmente de acuerdo;Totalmente de acuerdo;Totalmente de acuerdo;Totalmente de acuerdo;Totalmente de acuerdo;Totalmente de acuerdo;Totalmente de acuerdo;Totalmente de acuerdo;Totalmente de acuerdo;Totalmente de acuerdo
ID-596;Ciencias médicas y de la salud;7;36;Femenino;Mujer;Privada;Totalmente de acuerdo;Totalmente de acuerdo;Totalmente de acuerdo;Totalmente de acuerdo;De acuerdo;De acuerdo;De acuerdo;De acuerdo;De acuerdo;Totalmente de acuerdo;Totalmente de acuerdo;Totalmente de acuerdo;De acuerdo;Totalmente de acuerdo;Totalmente de acuerdo;Totalmente de acuerdo;Totalmente de acuerdo;Totalmente de acuerdo;Totalmente de acuerdo;Totalmente de acuerdo;Totalmente de acuerdo;Totalmente de acuerdo;De acuerdo;Totalmente en desacuerdo;Totalmente en desacuerdo
ID-597;Ciencias médicas y de la salud;25;52;Femenino;Mujer;Privada;De acuerdo;Neutral;De acuerdo;Neutral;Neutral;De acuerdo;De acuerdo;De acuerdo;De acuerdo;En desacuerdo;Neutral;Neutral;Neutral;De acuerdo;Neutral;Totalmente de acuerdo;Neutral;De acuerdo;Neutral;Totalmente en desacuerdo;Neutral;Neutral;De acuerdo;En desacuerdo;De acuerdo
ID-598;Ciencias médicas y de la salud;2;32;Femenino;Mujer;Privada;De acuerdo;De acuerdo;De acuerdo;Neutral;Neutral;De acuerdo;Neutral;De acuerdo;De acuerdo;Totalmente de acuerdo;Totalmente de acuerdo;Totalmente de acuerdo;Neutral;Totalmente de acuerdo;Totalmente de acuerdo;Totalmente de acuerdo;Totalmente de acuerdo;Totalmente de acuerdo;Totalmente de acuerdo;Totalmente de acuerdo;Totalmente de acuerdo;Totalmente de acuerdo;Totalmente de acuerdo;Totalmente de acuerdo;Totalmente de acuerdo
ID-599;Ciencias médicas y de la salud;23;48;Femenino;Mujer;Privada;De acuerdo;De acuerdo;De acuerdo;Totalmente de acuerdo;Neutral;De acuerdo;De acuerdo;De acuerdo;De acuerdo;De acuerdo;De acuerdo;Neutral;Totalmente en desacuerdo;De acuerdo;De acuerdo;De acuerdo;Totalmente de acuerdo;Totalmente de acuerdo;Totalmente de acuerdo;De acuerdo;De acuerdo;De acuerdo;Neutral;De acuerdo;De acuerdo
ID-600;Ciencias médicas y de la salud;6;34;Femenino;Mujer;Privada;Neutral;Neutral;Neutral;Neutral;En desacuerdo;Neutral;En desacuerdo;Neutral;De acuerdo;De acuerdo;De acuerdo;De acuerdo;De acuerdo;De acuerdo;De acuerdo;De acuerdo;De acuerdo;De acuerdo;De acuerdo;Neutral;Totalmente de acuerdo;De acuerdo;De acuerdo;Totalmente de acuerdo;De acuerdo
ID-601;Ciencias médicas y de la salud;35;35;Femenino;Mujer;Pública;En desacuerdo;Neutral;Neutral;En desacuerdo;De acuerdo;Totalmente de acuerdo;Neutral;De acuerdo;Totalmente de acuerdo;Neutral;Neutral;Neutral;De acuerdo;De acuerdo;De acuerdo;De acuerdo;De acuerdo;De acuerdo;De acuerdo;Totalmente en desacuerdo;En desacuerdo;En desacuerdo;De acuerdo;De acuerdo;De acuerdo
ID-602;Ciencias médicas y de la salud;30;60;Femenino;Mujer;Privada;De acuerdo;De acuerdo;En desacuerdo;Neutral;En desacuerdo;Neutral;Neutral;De acuerdo;Totalmente de acuerdo;Neutral;De acuerdo;De acuerdo;Neutral;De acuerdo;De acuerdo;De acuerdo;De acuerdo;Neutral;De acuerdo;Neutral;Neutral;Neutral;Neutral;De acuerdo;De acuerdo
ID-603;Ciencias médicas y de la salud;35;59;Femenino;Mujer;Pública;De acuerdo;De acuerdo;De acuerdo;De acuerdo;De acuerdo;De acuerdo;De acuerdo;De acuerdo;Totalmente de acuerdo;De acuerdo;De acuerdo;De acuerdo;De acuerdo;Totalmente de acuerdo;Totalmente de acuerdo;Totalmente de acuerdo;Totalmente de acuerdo;Totalmente de acuerdo;Totalmente de acuerdo;Neutral;De acuerdo;De acuerdo;De acuerdo;De acuerdo;Totalmente de acuerdo
ID-604;Ciencias médicas y de la salud;28;55;Femenino;Mujer;Privada;De acuerdo;De acuerdo;De acuerdo;De acuerdo;De acuerdo;Neutral;En desacuerdo;Neutral;De acuerdo;Totalmente de acuerdo;Totalmente de acuerdo;Totalmente de acuerdo;De acuerdo;Totalmente de acuerdo;Totalmente de acuerdo;Totalmente de acuerdo;Totalmente de acuerdo;Totalmente de acuerdo;Totalmente de acuerdo;Neutral;Totalmente de acuerdo;Totalmente de acuerdo;De acuerdo;Totalmente de acuerdo;Totalmente de acuerdo
ID-605;Ciencias médicas y de la salud;18;48;Femenino;Mujer;Privada;Neutral;Neutral;Neutral;Neutral;De acuerdo;Neutral;Totalmente de acuerdo;Totalmente de acuerdo;Totalmente de acuerdo;En desacuerdo;En desacuerdo;En desacuerdo;En desacuerdo;Neutral;Neutral;Neutral;En desacuerdo;En desacuerdo;En desacuerdo;En desacuerdo;En desacuerdo;En desacuerdo;En desacuerdo;De acuerdo;Neutral
ID-606;Ciencias médicas y de la salud;4;38;Femenino;Mujer;Privada;Neutral;Neutral;Neutral;Neutral;Neutral;Neutral;Neutral;Neutral;Neutral;Totalmente de acuerdo;Totalmente de acuerdo;Totalmente de acuerdo;Totalmente de acuerdo;Totalmente de acuerdo;Totalmente de acuerdo;Totalmente de acuerdo;Totalmente de acuerdo;Totalmente de acuerdo;Totalmente de acuerdo;Totalmente de acuerdo;Totalmente de acuerdo;Totalmente de acuerdo;Totalmente de acuerdo;Totalmente de acuerdo;Totalmente de acuerdo
ID-607;Ciencias médicas y de la salud;1;27;Femenino;Mujer;Privada;Neutral;Neutral;De acuerdo;Neutral;Totalmente de acuerdo;Totalmente de acuerdo;Totalmente de acuerdo;Totalmente de acuerdo;Totalmente de acuerdo;De acuerdo;De acuerdo;De acuerdo;Totalmente de acuerdo;De acuerdo;Totalmente de acuerdo;Totalmente de acuerdo;De acuerdo;Totalmente de acuerdo;Totalmente de acuerdo;En desacuerdo;De acuerdo;En desacuerdo;Totalmente de acuerdo;Totalmente de acuerdo;Totalmente de acuerdo
ID-608;Ciencias médicas y de la salud;30;62;Femenino;Mujer;Privada;De acuerdo;Neutral;De acuerdo;Neutral;De acuerdo;De acuerdo;De acuerdo;De acuerdo;De acuerdo;En desacuerdo;Neutral;Neutral;Neutral;En desacuerdo;Neutral;En desacuerdo;Neutral;Neutral;Neutral;Neutral;Neutral;Neutral;De acuerdo;Neutral;Neutral
ID-609;Ciencias médicas y de la salud;8;31;Masculino;Hombre;Privada;Totalmente de acuerdo;Totalmente de acuerdo;Totalmente de acuerdo;Neutral;Totalmente de acuerdo;Totalmente de acuerdo;Totalmente de acuerdo;De acuerdo;De acuerdo;Totalmente de acuerdo;Totalmente de acuerdo;Totalmente en desacuerdo;Totalmente de acuerdo;De acuerdo;Totalmente de acuerdo;Totalmente de acuerdo;Totalmente en desacuerdo;Totalmente de acuerdo;Totalmente de acuerdo;Totalmente en desacuerdo;Totalmente de acuerdo;Neutral;Totalmente de acuerdo;En desacuerdo;En desacuerdo
ID-610;Ciencias médicas y de la salud;5;47;Femenino;Mujer;Privada;Neutral;Neutral;De acuerdo;De acuerdo;De acuerdo;De acuerdo;De acuerdo;De acuerdo;Neutral;Neutral;De acuerdo;De acuerdo;De acuerdo;Neutral;De acuerdo;De acuerdo;De acuerdo;De acuerdo;De acuerdo;De acuerdo;De acuerdo;De acuerdo;De acuerdo;Neutral;De acuerdo
ID-611;Ciencias sociales;18;41;Masculino;Hombre;Privada;De acuerdo;De acuerdo;De acuerdo;Neutral;De acuerdo;De acuerdo;De acuerdo;De acuerdo;De acuerdo;Neutral;De acuerdo;Neutral;De acuerdo;De acuerdo;De acuerdo;De acuerdo;Neutral;De acuerdo;Neutral;De acuerdo;De acuerdo;De acuerdo;De acuerdo;Neutral;De acuerdo
ID-612;Ciencias médicas y de la salud;6;40;Masculino;Hombre;Pública;De acuerdo;De acuerdo;De acuerdo;De acuerdo;De acuerdo;Neutral;Neutral;De acuerdo;De acuerdo;De acuerdo;De acuerdo;De acuerdo;Neutral;De acuerdo;De acuerdo;De acuerdo;De acuerdo;De acuerdo;De acuerdo;Neutral;De acuerdo;De acuerdo;De acuerdo;De acuerdo;De acuerdo
ID-613;Ciencias médicas y de la salud;28;52;Femenino;Mujer;Pública;De acuerdo;Neutral;De acuerdo;De acuerdo;De acuerdo;De acuerdo;De acuerdo;De acuerdo;De acuerdo;De acuerdo;De acuerdo;De acuerdo;Neutral;Totalmente de acuerdo;Totalmente de acuerdo;Totalmente de acuerdo;Totalmente de acuerdo;Totalmente de acuerdo;Totalmente de acuerdo;Totalmente en desacuerdo;De acuerdo;Totalmente de acuerdo;De acuerdo;Totalmente de acuerdo;Totalmente de acuerdo
ID-614;Ciencias médicas y de la salud;29;58;Femenino;Mujer;Pública;Neutral;Neutral;De acuerdo;En desacuerdo;En desacuerdo;En desacuerdo;En desacuerdo;De acuerdo;De acuerdo;Totalmente de acuerdo;De acuerdo;Totalmente de acuerdo;Totalmente de acuerdo;Totalmente de acuerdo;Totalmente de acuerdo;Totalmente de acuerdo;Totalmente de acuerdo;Totalmente de acuerdo;Totalmente de acuerdo;En desacuerdo;Totalmente de acuerdo;Neutral;Neutral;Neutral;Neutral
ID-615;Ciencias médicas y de la salud;30;60;Femenino;Mujer;Pública;Totalmente de acuerdo;De acuerdo;Neutral;Totalmente de acuerdo;Totalmente de acuerdo;Totalmente de acuerdo;Totalmente de acuerdo;Totalmente de acuerdo;Totalmente de acuerdo;Totalmente de acuerdo;Totalmente de acuerdo;Totalmente de acuerdo;De acuerdo;De acuerdo;Totalmente de acuerdo;Totalmente de acuerdo;De acuerdo;Totalmente de acuerdo;Totalmente de acuerdo;Totalmente de acuerdo;Totalmente de acuerdo;Totalmente de acuerdo;Totalmente de acuerdo;Totalmente de acuerdo;Totalmente de acuerdo
ID-616;Humanidades;6;29;Femenino;Mujer;Pública;Totalmente de acuerdo;Totalmente de acuerdo;Totalmente de acuerdo;Totalmente de acuerdo;Neutral;Neutral;En desacuerdo;Neutral;De acuerdo;Totalmente de acuerdo;Totalmente de acuerdo;Totalmente de acuerdo;Totalmente de acuerdo;Totalmente de acuerdo;Totalmente de acuerdo;Totalmente de acuerdo;Totalmente de acuerdo;Totalmente de acuerdo;Totalmente de acuerdo;Totalmente de acuerdo;Totalmente de acuerdo;Totalmente de acuerdo;Totalmente de acuerdo;Totalmente de acuerdo;Totalmente de acuerdo
ID-617;Ciencias médicas y de la salud;3;38;Femenino;Mujer;Privada;En desacuerdo;En desacuerdo;En desacuerdo;En desacuerdo;De acuerdo;De acuerdo;De acuerdo;De acuerdo;Totalmente de acuerdo;De acuerdo;De acuerdo;De acuerdo;Neutral;De acuerdo;Totalmente de acuerdo;Totalmente de acuerdo;Totalmente de acuerdo;Totalmente de acuerdo;Totalmente de acuerdo;Totalmente en desacuerdo;De acuerdo;De acuerdo;Neutral;Neutral;De acuerdo
ID-618;Ingeniería y tecnología;9;53;Femenino;Mujer;Privada;Totalmente en desacuerdo;En desacuerdo;Totalmente en desacuerdo;Totalmente en desacuerdo;De acuerdo;De acuerdo;De acuerdo;De acuerdo;De acuerdo;De acuerdo;De acuerdo;De acuerdo;De acuerdo;De acuerdo;De acuerdo;De acuerdo;De acuerdo;De acuerdo;De acuerdo;En desacuerdo;De acuerdo;De acuerdo;De acuerdo;De acuerdo;De acuerdo
ID-619;Ciencias sociales;26;64;Femenino;Mujer;Pública;Totalmente de acuerdo;De acuerdo;De acuerdo;Neutral;Totalmente de acuerdo;Totalmente en desacuerdo;De acuerdo;De acuerdo;De acuerdo;Totalmente de acuerdo;Totalmente de acuerdo;Totalmente de acuerdo;De acuerdo;Totalmente de acuerdo;Totalmente de acuerdo;Totalmente de acuerdo;Totalmente de acuerdo;Totalmente de acuerdo;Totalmente de acuerdo;Totalmente en desacuerdo;Totalmente de acuerdo;Totalmente de acuerdo;De acuerdo;En desacuerdo;De acuerdo
ID-620;Ciencias sociales;20;68;Masculino;Hombre;Privada;En desacuerdo;De acuerdo;Neutral;Neutral;De acuerdo;De acuerdo;De acuerdo;De acuerdo;Totalmente de acuerdo;De acuerdo;De acuerdo;De acuerdo;Neutral;De acuerdo;De acuerdo;De acuerdo;De acuerdo;De acuerdo;De acuerdo;Neutral;Neutral;Neutral;De acuerdo;De acuerdo;De acuerdo
ID-621;Ingeniería y tecnología;14;50;Masculino;Hombre;Pública;Totalmente de acuerdo;Totalmente de acuerdo;Totalmente de acuerdo;Totalmente de acuerdo;Totalmente de acuerdo;Totalmente de acuerdo;Neutral;Neutral;Neutral;Totalmente de acuerdo;Totalmente de acuerdo;Totalmente de acuerdo;Neutral;Totalmente de acuerdo;Totalmente de acuerdo;De acuerdo;Totalmente de acuerdo;En desacuerdo;Totalmente de acuerdo;Totalmente de acuerdo;Totalmente de acuerdo;Totalmente de acuerdo;Neutral;Totalmente de acuerdo;Totalmente de acuerdo
ID-622;Ingeniería y tecnología;10;44;Femenino;Mujer;Privada;De acuerdo;De acuerdo;Neutral;Neutral;De acuerdo;De acuerdo;De acuerdo;De acuerdo;De acuerdo;De acuerdo;Totalmente de acuerdo;Totalmente de acuerdo;De acuerdo;Totalmente de acuerdo;Totalmente de acuerdo;Totalmente de acuerdo;De acuerdo;De acuerdo;Neutral;De acuerdo;De acuerdo;Totalmente de acuerdo;De acuerdo;Neutral;De acuerdo
ID-623;Ciencias sociales;25;49;Femenino;Mujer;Privada;Neutral;Neutral;Neutral;Neutral;De acuerdo;De acuerdo;Neutral;De acuerdo;De acuerdo;Neutral;Neutral;Neutral;De acuerdo;De acuerdo;De acuerdo;De acuerdo;Neutral;Neutral;Neutral;Neutral;De acuerdo;Neutral;De acuerdo;De acuerdo;De acuerdo
ID-624;Ciencias médicas y de la salud;35;59;Femenino;Mujer;Privada;Neutral;Neutral;Neutral;Neutral;De acuerdo;De acuerdo;De acuerdo;De acuerdo;De acuerdo;De acuerdo;De acuerdo;De acuerdo;De acuerdo;De acuerdo;De acuerdo;De acuerdo;De acuerdo;De acuerdo;De acuerdo;De acuerdo;De acuerdo;De acuerdo;De acuerdo;De acuerdo;De acuerdo
ID-625;Ciencias médicas y de la salud;2;32;Femenino;Mujer;Privada;Totalmente de acuerdo;De acuerdo;De acuerdo;De acuerdo;De acuerdo;De acuerdo;Neutral;De acuerdo;Neutral;De acuerdo;Totalmente de acuerdo;Totalmente de acuerdo;Neutral;Totalmente de acuerdo;De acuerdo;Totalmente de acuerdo;Neutral;En desacuerdo;Neutral;Totalmente en desacuerdo;De acuerdo;De acuerdo;Neutral;De acuerdo;De acuerdo
ID-626;Ciencias sociales;7;57;Femenino;Mujer;Privada;De acuerdo;De acuerdo;De acuerdo;Neutral;De acuerdo;De acuerdo;De acuerdo;De acuerdo;De acuerdo;De acuerdo;De acuerdo;De acuerdo;Totalmente de acuerdo;Totalmente de acuerdo;Totalmente de acuerdo;Totalmente de acuerdo;De acuerdo;De acuerdo;Totalmente de acuerdo;Neutral;De acuerdo;De acuerdo;De acuerdo;De acuerdo;De acuerdo
ID-627;Ciencias médicas y de la salud;14;43;Femenino;Mujer;Privada;De acuerdo;De acuerdo;Neutral;De acuerdo;De acuerdo;Neutral;De acuerdo;De acuerdo;De acuerdo;De acuerdo;De acuerdo;De acuerdo;De acuerdo;De acuerdo;De acuerdo;De acuerdo;De acuerdo;De acuerdo;De acuerdo;Neutral;De acuerdo;Neutral;Neutral;De acuerdo;De acuerdo
ID-628;Ciencias sociales;8;32;Masculino;Hombre;Privada;Neutral;Neutral;Neutral;En desacuerdo;De acuerdo;De acuerdo;Neutral;De acuerdo;Totalmente de acuerdo;Neutral;Neutral;De acuerdo;De acuerdo;Totalmente de acuerdo;Totalmente de acuerdo;De acuerdo;Totalmente de acuerdo;Totalmente de acuerdo;Totalmente de acuerdo;Totalmente en desacuerdo;De acuerdo;De acuerdo;Totalmente de acuerdo;Neutral;Totalmente de acuerdo
ID-629;Ciencias sociales;17;43;Masculino;Hombre;Privada;Neutral;Neutral;Neutral;Neutral;Neutral;Neutral;Neutral;Neutral;Neutral;Totalmente en desacuerdo;Totalmente en desacuerdo;Totalmente en desacuerdo;Totalmente en desacuerdo;Totalmente en desacuerdo;Totalmente en desacuerdo;Totalmente en desacuerdo;Totalmente en desacuerdo;Totalmente en desacuerdo;Totalmente en desacuerdo;Totalmente en desacuerdo;Totalmente en desacuerdo;Totalmente en desacuerdo;Totalmente en desacuerdo;Totalmente en desacuerdo;Totalmente en desacuerdo
ID-630;Ciencias médicas y de la salud;13;43;Femenino;Mujer;Privada;Neutral;Neutral;En desacuerdo;En desacuerdo;De acuerdo;De acuerdo;De acuerdo;De acuerdo;Totalmente de acuerdo;De acuerdo;De acuerdo;De acuerdo;De acuerdo;De acuerdo;De acuerdo;De acuerdo;De acuerdo;De acuerdo;De acuerdo;En desacuerdo;De acuerdo;Neutral;Neutral;Neutral;De acuerdo
ID-631;Ciencias sociales;16;54;Masculino;Hombre;Privada;Totalmente de acuerdo;Totalmente de acuerdo;Totalmente de acuerdo;Totalmente de acuerdo;Totalmente de acuerdo;Totalmente de acuerdo;Totalmente de acuerdo;Totalmente de acuerdo;Totalmente de acuerdo;Totalmente de acuerdo;Totalmente de acuerdo;Totalmente de acuerdo;Totalmente de acuerdo;Totalmente de acuerdo;Totalmente de acuerdo;Totalmente de acuerdo;Totalmente de acuerdo;Totalmente de acuerdo;Totalmente de acuerdo;Totalmente de acuerdo;Totalmente de acuerdo;Totalmente de acuerdo;De acuerdo;Totalmente de acuerdo;Totalmente de acuerdo
ID-632;Humanidades;20;52;Femenino;Mujer;Privada;De acuerdo;De acuerdo;Neutral;De acuerdo;De acuerdo;De acuerdo;Neutral;De acuerdo;De acuerdo;Totalmente de acuerdo;Totalmente de acuerdo;De acuerdo;Neutral;De acuerdo;De acuerdo;De acuerdo;De acuerdo;De acuerdo;Totalmente de acuerdo;De acuerdo;De acuerdo;De acuerdo;De acuerdo;De acuerdo;De acuerdo
ID-633;Ciencias sociales;23;50;Masculino;Hombre;Privada;Totalmente de acuerdo;En desacuerdo;Neutral;Neutral;Totalmente de acuerdo;Totalmente de acuerdo;Totalmente de acuerdo;Totalmente de acuerdo;Totalmente de acuerdo;Neutral;Neutral;Neutral;Neutral;Totalmente de acuerdo;Totalmente de acuerdo;Totalmente de acuerdo;De acuerdo;De acuerdo;De acuerdo;De acuerdo;De acuerdo;Neutral;De acuerdo;De acuerdo;De acuerdo
ID-634;Ingeniería y tecnología;8;40;Femenino;Mujer;Privada;De acuerdo;Neutral;Neutral;De acuerdo;Totalmente de acuerdo;Totalmente de acuerdo;Totalmente de acuerdo;Totalmente de acuerdo;De acuerdo;En desacuerdo;De acuerdo;Neutral;Neutral;De acuerdo;Totalmente de acuerdo;Totalmente de acuerdo;De acuerdo;De acuerdo;De acuerdo;Totalmente de acuerdo;Totalmente de acuerdo;Totalmente de acuerdo;Totalmente de acuerdo;Neutral;De acuerdo
ID-635;Ciencias médicas y de la salud;10;43;Femenino;Mujer;Privada;De acuerdo;Neutral;De acuerdo;De acuerdo;Neutral;De acuerdo;Neutral;De acuerdo;Neutral;Neutral;Neutral;Neutral;Neutral;Neutral;Neutral;De acuerdo;Neutral;Neutral;Neutral;Neutral;Neutral;Neutral;De acuerdo;Neutral;Neutral
ID-636;Ciencias médicas y de la salud;17;55;Femenino;Mujer;Pública;De acuerdo;Neutral;De acuerdo;De acuerdo;Totalmente de acuerdo;De acuerdo;De acuerdo;Totalmente de acuerdo;Totalmente de acuerdo;De acuerdo;De acuerdo;De acuerdo;De acuerdo;Totalmente de acuerdo;Totalmente de acuerdo;Totalmente de acuerdo;De acuerdo;De acuerdo;Totalmente de acuerdo;En desacuerdo;De acuerdo;Neutral;De acuerdo;De acuerdo;De acuerdo
ID-637;Ciencias sociales;24;54;Masculino;Hombre;Privada;De acuerdo;De acuerdo;De acuerdo;De acuerdo;De acuerdo;De acuerdo;De acuerdo;De acuerdo;De acuerdo;Totalmente de acuerdo;Totalmente de acuerdo;Totalmente de acuerdo;De acuerdo;De acuerdo;De acuerdo;De acuerdo;De acuerdo;De acuerdo;De acuerdo;De acuerdo;De acuerdo;De acuerdo;Neutral;De acuerdo;De acuerdo
ID-638;Ciencias médicas y de la salud;36;60;Masculino;Hombre;Pública;Totalmente de acuerdo;De acuerdo;De acuerdo;De acuerdo;De acuerdo;Neutral;Neutral;Totalmente de acuerdo;Totalmente de acuerdo;Totalmente de acuerdo;Totalmente de acuerdo;Totalmente de acuerdo;Totalmente de acuerdo;De acuerdo;Totalmente de acuerdo;Totalmente de acuerdo;De acuerdo;De acuerdo;De acuerdo;Totalmente de acuerdo;De acuerdo;De acuerdo;Neutral;De acuerdo;De acuerdo
ID-639;Ciencias médicas y de la salud;18;48;Femenino;Mujer;Pública;De acuerdo;Neutral;Neutral;En desacuerdo;De acuerdo;De acuerdo;De acuerdo;Neutral;De acuerdo;De acuerdo;De acuerdo;De acuerdo;Neutral;De acuerdo;De acuerdo;De acuerdo;De acuerdo;De acuerdo;De acuerdo;De acuerdo;De acuerdo;De acuerdo;De acuerdo;Neutral;De acuerdo
ID-640;Ciencias médicas y de la salud;4;34;Femenino;Mujer;Privada;De acuerdo;Neutral;Neutral;Neutral;En desacuerdo;En desacuerdo;En desacuerdo;Neutral;Neutral;De acuerdo;De acuerdo;De acuerdo;De acuerdo;De acuerdo;Neutral;De acuerdo;De acuerdo;De acuerdo;De acuerdo;En desacuerdo;Neutral;De acuerdo;De acuerdo;De acuerdo;De acuerdo
ID-641;Ciencias médicas y de la salud;13;48;Masculino;Mujer;Privada;De acuerdo;De acuerdo;Neutral;Neutral;Totalmente de acuerdo;Totalmente de acuerdo;Neutral;Neutral;Neutral;En desacuerdo;Neutral;Neutral;Neutral;Neutral;Neutral;De acuerdo;Neutral;Neutral;Neutral;Totalmente en desacuerdo;Neutral;Neutral;Neutral;De acuerdo;De acuerdo
ID-642;Ciencias médicas y de la salud;8;41;Femenino;Mujer;Privada;Neutral;De acuerdo;Neutral;De acuerdo;En desacuerdo;Totalmente de acuerdo;Totalmente de acuerdo;De acuerdo;De acuerdo;De acuerdo;De acuerdo;De acuerdo;Neutral;De acuerdo;De acuerdo;De acuerdo;Neutral;De acuerdo;Totalmente de acuerdo;De acuerdo;De acuerdo;De acuerdo;Totalmente de acuerdo;Totalmente de acuerdo;Totalmente de acuerdo
ID-643;Ciencias médicas y de la salud;9;48;Femenino;Mujer;Privada;De acuerdo;De acuerdo;Neutral;De acuerdo;De acuerdo;De acuerdo;De acuerdo;De acuerdo;De acuerdo;De acuerdo;De acuerdo;De acuerdo;De acuerdo;De acuerdo;De acuerdo;De acuerdo;De acuerdo;De acuerdo;De acuerdo;De acuerdo;De acuerdo;De acuerdo;De acuerdo;De acuerdo;De acuerdo
ID-644;Ciencias médicas y de la salud;3;47;Femenino;Mujer;Privada;Totalmente de acuerdo;De acuerdo;De acuerdo;De acuerdo;Totalmente de acuerdo;De acuerdo;De acuerdo;De acuerdo;De acuerdo;Totalmente de acuerdo;Totalmente de acuerdo;Totalmente de acuerdo;De acuerdo;Totalmente de acuerdo;Totalmente de acuerdo;Totalmente de acuerdo;Totalmente de acuerdo;Totalmente de acuerdo;Totalmente de acuerdo;Totalmente de acuerdo;Totalmente de acuerdo;De acuerdo;De acuerdo;Totalmente de acuerdo;Totalmente de acuerdo
ID-645;Ciencias médicas y de la salud;18;42;Femenino;Mujer;Privada;Neutral;Neutral;Neutral;Neutral;De acuerdo;De acuerdo;Neutral;Neutral;De acuerdo;De acuerdo;De acuerdo;De acuerdo;Neutral;Totalmente de acuerdo;De acuerdo;Totalmente de acuerdo;De acuerdo;De acuerdo;De acuerdo;Totalmente en desacuerdo;Neutral;Neutral;Neutral;Neutral;De acuerdo
ID-646;Ingeniería y tecnología;7;31;Femenino;Mujer;Privada;Totalmente de acuerdo;De acuerdo;De acuerdo;De acuerdo;Totalmente de acuerdo;De acuerdo;Neutral;En desacuerdo;Totalmente de acuerdo;Totalmente de acuerdo;Totalmente de acuerdo;Totalmente de acuerdo;Neutral;Totalmente de acuerdo;Totalmente de acuerdo;Totalmente de acuerdo;De acuerdo;De acuerdo;Totalmente de acuerdo;Neutral;De acuerdo;Totalmente de acuerdo;Neutral;Totalmente de acuerdo;Totalmente de acuerdo
ID-647;Ciencias médicas y de la salud;21;51;Femenino;Mujer;Privada;Totalmente de acuerdo;Totalmente de acuerdo;Neutral;Neutral;Neutral;Neutral;Neutral;Neutral;Neutral;Totalmente de acuerdo;Totalmente de acuerdo;Totalmente de acuerdo;Totalmente de acuerdo;Totalmente de acuerdo;Totalmente de acuerdo;Totalmente de acuerdo;De acuerdo;De acuerdo;Totalmente de acuerdo;Neutral;Totalmente de acuerdo;Totalmente de acuerdo;Totalmente de acuerdo;Totalmente de acuerdo;Totalmente de acuerdo
ID-648;Ciencias médicas y de la salud;41;76;Masculino;Hombre;Pública;De acuerdo;De acuerdo;De acuerdo;De acuerdo;Totalmente de acuerdo;De acuerdo;De acuerdo;Totalmente de acuerdo;De acuerdo;De acuerdo;De acuerdo;De acuerdo;De acuerdo;De acuerdo;De acuerdo;De acuerdo;Totalmente de acuerdo;Totalmente de acuerdo;Totalmente de acuerdo;Neutral;De acuerdo;Neutral;De acuerdo;De acuerdo;De acuerdo
ID-649;Ciencias médicas y de la salud;20;52;Masculino;Hombre;Pública;De acuerdo;Neutral;Neutral;Neutral;Totalmente de acuerdo;Totalmente de acuerdo;De acuerdo;Totalmente de acuerdo;Totalmente de acuerdo;De acuerdo;De acuerdo;De acuerdo;Neutral;Totalmente de acuerdo;Totalmente de acuerdo;Totalmente de acuerdo;Totalmente de acuerdo;Totalmente de acuerdo;Totalmente de acuerdo;Totalmente en desacuerdo;De acuerdo;Neutral;De acuerdo;De acuerdo;De acuerdo
ID-650;Ciencias médicas y de la salud;10;44;Femenino;Mujer;Pública;Totalmente de acuerdo;Totalmente de acuerdo;De acuerdo;De acuerdo;Totalmente de acuerdo;Neutral;En desacuerdo;De acuerdo;Totalmente de acuerdo;Totalmente de acuerdo;Totalmente de acuerdo;Totalmente de acuerdo;De acuerdo;Totalmente de acuerdo;De acuerdo;De acuerdo;Totalmente de acuerdo;Totalmente de acuerdo;Totalmente de acuerdo;De acuerdo;Totalmente de acuerdo;Totalmente de acuerdo;En desacuerdo;Totalmente de acuerdo;Totalmente de acuerdo
ID-651;Ciencias médicas y de la salud;15;44;Masculino;Hombre;Pública;De acuerdo;De acuerdo;De acuerdo;De acuerdo;De acuerdo;De acuerdo;De acuerdo;De acuerdo;Totalmente de acuerdo;De acuerdo;De acuerdo;Neutral;Neutral;De acuerdo;De acuerdo;De acuerdo;De acuerdo;De acuerdo;De acuerdo;De acuerdo;De acuerdo;Neutral;De acuerdo;Neutral;Totalmente de acuerdo
ID-652;Ingeniería y tecnología;25;48;Femenino;Mujer;Privada;De acuerdo;En desacuerdo;En desacuerdo;En desacuerdo;De acuerdo;Neutral;Neutral;Neutral;De acuerdo;Neutral;Neutral;Neutral;De acuerdo;De acuerdo;Neutral;De acuerdo;Neutral;De acuerdo;De acuerdo;Neutral;De acuerdo;Neutral;De acuerdo;Neutral;De acuerdo
ID-653;Humanidades;6;48;Femenino;Mujer;Privada;Neutral;Neutral;Neutral;Neutral;Totalmente de acuerdo;De acuerdo;Neutral;Neutral;Totalmente de acuerdo;Totalmente de acuerdo;Totalmente de acuerdo;Totalmente de acuerdo;De acuerdo;Totalmente de acuerdo;Totalmente de acuerdo;Totalmente de acuerdo;Totalmente de acuerdo;Totalmente de acuerdo;Totalmente de acuerdo;Neutral;Totalmente de acuerdo;Totalmente de acuerdo;Totalmente de acuerdo;Totalmente de acuerdo;Totalmente de acuerdo
ID-654;Ingeniería y tecnología;18;51;Femenino;Mujer;Privada;Totalmente de acuerdo;Totalmente de acuerdo;Totalmente de acuerdo;Totalmente de acuerdo;Totalmente de acuerdo;Totalmente de acuerdo;De acuerdo;Totalmente de acuerdo;Totalmente de acuerdo;Totalmente de acuerdo;Totalmente de acuerdo;Totalmente de acuerdo;Neutral;Totalmente de acuerdo;Totalmente de acuerdo;Totalmente de acuerdo;Totalmente de acuerdo;Totalmente de acuerdo;Totalmente de acuerdo;Totalmente de acuerdo;Totalmente de acuerdo;Totalmente de acuerdo;Neutral;Totalmente de acuerdo;Totalmente de acuerdo
ID-655;Ciencias médicas y de la salud;15;52;Femenino;Mujer;Pública;De acuerdo;De acuerdo;De acuerdo;De acuerdo;De acuerdo;Neutral;Totalmente de acuerdo;Totalmente de acuerdo;Totalmente de acuerdo;De acuerdo;De acuerdo;De acuerdo;Neutral;De acuerdo;De acuerdo;De acuerdo;De acuerdo;De acuerdo;De acuerdo;Neutral;De acuerdo;De acuerdo;De acuerdo;De acuerdo;De acuerdo
ID-656;Ciencias agrícolas;20;42;Masculino;Hombre;Privada;Neutral;Neutral;Neutral;Neutral;Neutral;Neutral;Neutral;Neutral;Neutral;Neutral;Neutral;Neutral;Neutral;Neutral;Neutral;Neutral;Neutral;Neutral;Neutral;Neutral;Neutral;Neutral;Neutral;Neutral;Neutral
ID-657;Ingeniería y tecnología;10;54;Femenino;Mujer;Privada;De acuerdo;De acuerdo;De acuerdo;De acuerdo;De acuerdo;De acuerdo;De acuerdo;De acuerdo;De acuerdo;Totalmente de acuerdo;Totalmente de acuerdo;Totalmente de acuerdo;De acuerdo;De acuerdo;De acuerdo;De acuerdo;Totalmente de acuerdo;Totalmente de acuerdo;Totalmente de acuerdo;De acuerdo;De acuerdo;De acuerdo;Totalmente de acuerdo;Totalmente de acuerdo;Totalmente de acuerdo
ID-658;Ciencias médicas y de la salud;22;50;Masculino;Hombre;Pública;De acuerdo;De acuerdo;De acuerdo;De acuerdo;De acuerdo;En desacuerdo;Neutral;De acuerdo;De acuerdo;De acuerdo;De acuerdo;De acuerdo;De acuerdo;De acuerdo;De acuerdo;De acuerdo;De acuerdo;De acuerdo;De acuerdo;De acuerdo;De acuerdo;De acuerdo;En desacuerdo;De acuerdo;De acuerdo
ID-659;Ciencias médicas y de la salud;14;45;Masculino;Hombre;Pública;De acuerdo;De acuerdo;De acuerdo;De acuerdo;De acuerdo;Totalmente de acuerdo;Totalmente de acuerdo;Totalmente de acuerdo;Totalmente de acuerdo;Neutral;Neutral;Neutral;De acuerdo;Totalmente de acuerdo;Totalmente de acuerdo;Totalmente de acuerdo;Totalmente de acuerdo;Totalmente de acuerdo;Totalmente de acuerdo;Neutral;De acuerdo;Neutral;De acuerdo;Neutral;Totalmente de acuerdo
ID-660;Ciencias médicas y de la salud;20;52;Femenino;Mujer;Pública;De acuerdo;De acuerdo;De acuerdo;Neutral;Totalmente de acuerdo;Totalmente de acuerdo;Totalmente de acuerdo;Totalmente de acuerdo;Totalmente de acuerdo;De acuerdo;De acuerdo;De acuerdo;Neutral;Totalmente de acuerdo;Totalmente de acuerdo;Totalmente de acuerdo;Totalmente de acuerdo;Totalmente de acuerdo;Totalmente de acuerdo;Totalmente en desacuerdo;De acuerdo;Neutral;Totalmente de acuerdo;De acuerdo;De acuerdo
ID-661;Ciencias médicas y de la salud;21;49;Femenino;Mujer;Pública;En desacuerdo;En desacuerdo;En desacuerdo;En desacuerdo;De acuerdo;De acuerdo;De acuerdo;De acuerdo;De acuerdo;De acuerdo;De acuerdo;Neutral;De acuerdo;De acuerdo;De acuerdo;De acuerdo;Neutral;Neutral;De acuerdo;Totalmente en desacuerdo;De acuerdo;Neutral;De acuerdo;De acuerdo;De acuerdo
ID-662;Ciencias médicas y de la salud;28;56;Femenino;Mujer;Privada;Totalmente en desacuerdo;Totalmente en desacuerdo;Totalmente en desacuerdo;Totalmente en desacuerdo;Totalmente en desacuerdo;En desacuerdo;En desacuerdo;En desacuerdo;En desacuerdo;Totalmente en desacuerdo;Totalmente en desacuerdo;Totalmente en desacuerdo;Totalmente en desacuerdo;Totalmente en desacuerdo;Totalmente en desacuerdo;Totalmente en desacuerdo;Totalmente en desacuerdo;Totalmente en desacuerdo;Totalmente en desacuerdo;Totalmente en desacuerdo;Totalmente en desacuerdo;Totalmente en desacuerdo;Totalmente en desacuerdo;Totalmente en desacuerdo;Totalmente en desacuerdo
ID-663;Ciencias médicas y de la salud;7;38;Femenino;Mujer;Pública;Totalmente de acuerdo;En desacuerdo;En desacuerdo;En desacuerdo;De acuerdo;De acuerdo;De acuerdo;De acuerdo;De acuerdo;En desacuerdo;De acuerdo;De acuerdo;De acuerdo;Neutral;En desacuerdo;De acuerdo;De acuerdo;De acuerdo;De acuerdo;En desacuerdo;De acuerdo;De acuerdo;De acuerdo;Neutral;Totalmente de acuerdo
ID-664;Ciencias médicas y de la salud;6;42;Femenino;Mujer;Pública;Neutral;Neutral;Neutral;De acuerdo;De acuerdo;De acuerdo;De acuerdo;De acuerdo;De acuerdo;De acuerdo;Neutral;De acuerdo;De acuerdo;De acuerdo;De acuerdo;De acuerdo;Neutral;De acuerdo;De acuerdo;En desacuerdo;Neutral;Neutral;De acuerdo;Neutral;De acuerdo
ID-665;Ciencias médicas y de la salud;16;59;Femenino;Mujer;Pública;De acuerdo;Totalmente en desacuerdo;En desacuerdo;Totalmente en desacuerdo;De acuerdo;De acuerdo;De acuerdo;Totalmente de acuerdo;Totalmente de acuerdo;De acuerdo;De acuerdo;De acuerdo;Neutral;Totalmente de acuerdo;Totalmente de acuerdo;Totalmente de acuerdo;De acuerdo;De acuerdo;De acuerdo;En desacuerdo;De acuerdo;De acuerdo;De acuerdo;De acuerdo;De acuerdo
ID-666;Ciencias médicas y de la salud;10;40;Femenino;Mujer;Pública;De acuerdo;De acuerdo;De acuerdo;De acuerdo;Neutral;Totalmente de acuerdo;De acuerdo;De acuerdo;De acuerdo;Totalmente de acuerdo;Totalmente de acuerdo;De acuerdo;De acuerdo;De acuerdo;De acuerdo;De acuerdo;De acuerdo;De acuerdo;De acuerdo;Neutral;De acuerdo;Neutral;De acuerdo;Neutral;De acuerdo
ID-667;Ciencias médicas y de la salud;2;30;Femenino;Mujer;Privada;De acuerdo;De acuerdo;De acuerdo;De acuerdo;De acuerdo;Totalmente de acuerdo;Totalmente de acuerdo;Totalmente de acuerdo;Totalmente de acuerdo;De acuerdo;De acuerdo;De acuerdo;Neutral;Totalmente de acuerdo;De acuerdo;De acuerdo;Totalmente de acuerdo;Totalmente de acuerdo;Totalmente de acuerdo;Neutral;Totalmente de acuerdo;Totalmente de acuerdo;Totalmente de acuerdo;De acuerdo;De acuerdo
